	0	0.1	1664	796	1708	822	W-4	OTHER
0	0	0	413	1322	479	1343	36678.5	OTHER
1	0	0	1397	1345	1444	1365	220322	OTHER
2	0	0	1360	1614	1430	1638	Employer's	OTHER
3	0	0	913	1865	922	1892	13	OTHER
4	0	0	1703	2084	1779	2110	115767.91	OTHER
5	106	109	826	43	931	88	2018	OTHER
6	111	113	942	45	1034	91	W-2	OTHER
7	115	117	1045	47	1130	93	and	OTHER
8	119	126	1144	48	1394	97	EARNINGS	OTHER
9	128	134	1410	53	1657	98	SUMMARY	OTHER
10	192	194	1808	50	1868	93	ADP	OTHER
11	215	222	152	82	241	108	Employee	OTHER
12	224	232	292	83	383	108	Reference	OTHER
13	252	255	459	88	500	110	Copy	OTHER
14	295	298	754	89	801	117	This	OTHER
15	300	303	806	90	857	118	blue	OTHER
16	305	312	862	91	966	120	Earnings	OTHER
17	314	320	971	93	1081	122	Summary	OTHER
18	322	328	1085	95	1169	123	section	OTHER
19	330	331	1173	97	1194	124	is	OTHER
20	333	340	1198	97	1296	126	included	OTHER
21	342	345	1300	99	1350	127	with	OTHER
22	347	350	1353	100	1405	128	your	OTHER
23	352	354	1409	101	1461	129	W-2	OTHER
24	356	357	1464	102	1488	129	to	OTHER
25	359	362	1491	102	1545	131	help	OTHER
26	364	371	1550	103	1646	133	describe	OTHER
27	373	380	1648	104	1742	135	portions	OTHER
28	382	383	1745	105	1771	135	in	OTHER
29	385	388	1773	106	1839	137	more	OTHER
30	390	396	1843	107	1909	138	detail.	OTHER
31	429	432	243	113	293	136	Wage	OTHER
32	433	435	325	114	357	136	and	OTHER
33	468	476	236	132	316	154	Statement	OTHER
34	486	488	389	113	417	135	Tax	OTHER
35	536	538	754	115	795	144	The	OTHER
36	540	546	800	117	887	146	reverse	OTHER
37	548	551	892	120	939	146	side	OTHER
38	553	560	945	121	1041	148	includes	OTHER
39	562	568	1046	124	1131	150	general	OTHER
40	570	580	1136	126	1265	152	information	OTHER
41	582	585	1270	128	1314	153	that	OTHER
42	587	589	1318	129	1362	153	you	OTHER
43	591	593	1365	129	1418	154	may	OTHER
44	595	598	1421	130	1472	155	also	OTHER
45	600	603	1475	130	1519	155	find	OTHER
46	605	612	1522	131	1603	156	helpful.	OTHER
47	619	621	58	135	120	169	W-2	OTHER
48	668	671	449	144	522	176	2018	taxYear
49	677	679	98	191	115	211	for	OTHER
50	681	689	117	191	184	211	employees	OTHER
51	691	698	185	191	244	213	records.	OTHER
52	726	728	434	179	463	203	OMB	OTHER
53	730	732	466	179	490	203	No.	OTHER
54	734	742	493	180	554	206	1545-0008	OTHER
55	782	783	815	193	837	219	1.	OTHER
56	785	787	841	194	877	219	The	OTHER
57	789	797	882	194	972	221	following	OTHER
58	799	809	976	195	1093	223	information	OTHER
59	811	818	1097	197	1174	225	reflects	OTHER
60	820	823	1178	198	1226	226	your	OTHER
61	825	829	1230	199	1275	226	final	OTHER
62	831	834	1279	200	1327	227	2018	OTHER
63	836	838	1331	201	1371	228	pay	OTHER
64	840	843	1375	202	1420	229	stub	OTHER
65	845	848	1424	203	1471	230	plus	OTHER
66	850	852	1475	203	1513	231	any	OTHER
67	854	864	1517	204	1643	234	adjustments	OTHER
68	866	874	1647	207	1749	236	submitted	OTHER
69	876	877	1753	209	1780	236	by	OTHER
70	879	882	1784	210	1832	238	your	OTHER
71	884	892	1836	211	1942	240	employer.	OTHER
72	898	904	54	214	119	237	6584255	OTHER
73	922	923	223	205	249	236	De	OTHER
74	925	927	253	214	277	237	150	OTHER
75	950	957	482	206	536	234	Employer	OTHER
76	959	961	540	209	561	235	use	OTHER
77	963	966	565	210	601	236	only	OTHER
78	1084	1088	879	233	911	254	Gross	OTHER
79	1090	1092	915	233	944	254	Pay	OTHER
80	1097	1104	1011	234	1069	254	276100.3	OTHER
81	1111	1113	1165	247	1191	270	Tax	OTHER
82	1115	1122	1194	247	1261	271	Withheld	OTHER
83	1124	1131	1319	241	1372	259	19099.21	OTHER
84	1142	1149	1480	240	1530	266	HI.State	OTHER
85	1151	1156	1534	244	1583	268	Income	OTHER
86	1158	1159	1586	247	1599	269	Ta	OTHER
87	1162	1169	1674	245	1726	267	14302.44	OTHER
88	1179	1188	84	252	152	280	Employer's	OTHER
89	1190	1193	156	255	188	280	name	OTHER
90	1195	1195	192	256	197	280	,	OTHER
91	1197	1203	200	256	246	281	address	OTHER
92	1205	1205	250	257	254	281	,	OTHER
93	1207	1209	258	257	283	281	and	employerName
94	1211	1213	286	257	307	281	ZIP	OTHER
95	1215	1218	311	257	350	281	code	OTHER
96	1345	1347	1479	260	1506	282	Box	OTHER
97	1349	1350	1509	262	1524	283	17	OTHER
98	1352	1353	1526	263	1540	284	of	OTHER
99	1355	1357	1542	264	1576	286	W.2	OTHER
100	1369	1381	96	275	248	305	Marshall-Cruz	employerName
101	1383	1385	251	281	287	305	PLC	OTHER
102	1533	1537	1479	279	1515	301	Local	OTHER
103	1539	1544	1518	281	1568	303	Income	OTHER
104	1546	1548	1571	283	1596	304	Tax	OTHER
105	1552	1559	1673	283	1728	306	24814.42	OTHER
106	1571	1574	98	302	148	327	9803	employerAddressStreet_name
107	1576	1580	151	304	215	329	Giles	employerAddressStreet_name
108	1582	1587	219	306	285	330	Skyway	employerAddressStreet_name
109	1735	1737	1478	303	1505	328	Box	OTHER
110	1739	1740	1508	305	1522	328	19	OTHER
111	1742	1743	1525	304	1538	327	of	OTHER
112	1745	1747	1541	301	1576	327	W-2	OTHER
113	1759	1768	98	330	212	355	Stevenberg	employerAddressCity
114	1770	1771	240	333	265	355	OH	employerAddressState
115	1773	1782	317	331	433	358	10459-3508	employerAddressZip
116	1864	1867	874	320	902	343	Fed.	OTHER
117	1869	1874	906	320	959	343	Income	OTHER
118	1876	1882	1003	319	1052	338	36678.5	OTHER
119	1892	1899	1163	323	1224	346	Medicare	OTHER
120	1901	1903	1228	325	1255	347	Tax	OTHER
121	1910	1916	1341	325	1392	347	5906.41	OTHER
122	2033	2035	876	344	898	366	Tax	OTHER
123	2037	2037	903	360	910	382	2	OTHER
124	2038	2045	902	344	962	365	Withheld	OTHER
125	2162	2164	874	361	899	385	Box	OTHER
126	2169	2170	915	360	925	382	of	OTHER
127	2172	2174	929	360	961	384	W.2	OTHER
128	2191	2198	1165	350	1231	379	Withheld	OTHER
129	2222	2225	1484	354	1502	376	SUI/	OTHER
130	2227	2233	1505	355	1561	377	SDI/FLI	OTHER
131	2379	2381	1165	370	1189	393	Box	OTHER
132	2383	2383	1192	369	1201	392	6	OTHER
133	2385	2386	1204	369	1217	392	of	OTHER
134	2388	2390	1220	370	1252	395	W-2	OTHER
135	2409	2411	1478	373	1505	396	Box	OTHER
136	2413	2414	1508	373	1523	395	14	OTHER
137	2416	2417	1525	373	1537	395	of	OTHER
138	2419	2421	1540	374	1564	397	W-2	OTHER
139	2466	2470	301	414	354	439	Batch	OTHER
140	2490	2495	447	415	522	441	#02021	OTHER
141	2523	2524	183	451	195	472	e,	OTHER
142	2526	2532	198	451	248	473	address	OTHER
143	2534	2536	251	452	276	473	and	OTHER
144	2538	2540	279	452	301	472	ZIP	OTHER
145	2542	2545	303	451	340	472	code	OTHER
146	2559	2564	96	500	166	533	Jordan	employeeName
147	2566	2572	215	503	295	528	Hoffman	employeeName
148	2655	2656	810	482	827	512	2.	OTHER
149	2658	2661	833	483	883	512	Your	OTHER
150	2663	2667	888	484	948	513	Gross	OTHER
151	2669	2671	953	486	990	513	Pay	OTHER
152	2673	2675	995	487	1035	514	was	OTHER
153	2677	2684	1041	488	1129	515	adjusted	OTHER
154	2686	2687	1135	490	1160	516	as	OTHER
155	2689	2695	1165	491	1234	517	follows	OTHER
156	2697	2698	1240	492	1261	517	to	OTHER
157	2700	2706	1266	493	1351	518	produce	OTHER
158	2708	2711	1356	494	1402	519	your	OTHER
159	2713	2715	1408	495	1450	520	W-2	OTHER
160	2717	2726	1455	496	1559	522	Statement.	OTHER
161	2740	2744	95	526	155	550	98004	OTHER
162	2746	2753	159	527	253	550	Kimberly	OTHER
163	2755	2760	259	528	332	550	Courts	OTHER
164	2762	2766	336	528	397	550	Suite	OTHER
165	2768	2770	402	528	438	549	545	OTHER
166	2784	2791	92	548	188	573	Lisafort	OTHER
167	2793	2794	214	552	241	577	ID	OTHER
168	2796	2805	247	552	365	577	06064-7305	OTHER
169	2917	2922	1061	544	1110	570	Wages,	OTHER
170	2924	2928	1113	546	1144	570	Tips,	OTHER
171	2930	2934	1148	547	1186	571	other	OTHER
172	2939	2944	1267	547	1307	571	Social	OTHER
173	2946	2950	1310	548	1342	571	Secui	OTHER
174	2952	2958	1346	548	1397	573	Medicar	OTHER
175	2972	2979	1477	549	1526	572	HI.State	OTHER
176	3127	3138	1062	567	1157	591	Compensation	OTHER
177	3147	3151	1264	572	1317	595	Wages	OTHER
178	3153	3157	1345	574	1399	600	Wages	OTHER
179	3182	3186	1477	568	1507	593	Tips,	OTHER
180	3188	3191	1509	567	1543	596	Etc.	OTHER
181	3192	3197	1527	549	1584	572	Wages.	OTHER
182	3199	3205	1602	553	1660	576	Hartman	OTHER
183	3207	3212	1662	553	1699	577	Street	OTHER
184	3221	3230	80	606	147	630	Employer's	OTHER
185	3232	3234	150	606	177	630	FED	OTHER
186	3236	3237	180	607	194	631	ID	OTHER
187	3239	3244	197	608	257	633	number	OTHER
188	3361	3363	1062	589	1087	614	Box	OTHER
189	3365	3365	1091	588	1099	612	1	OTHER
190	3367	3368	1102	588	1113	612	of	OTHER
191	3370	3372	1117	588	1152	612	W.2	OTHER
192	3380	3382	1264	590	1291	615	Box	OTHER
193	3384	3384	1293	591	1302	615	3	OTHER
194	3386	3387	1304	591	1316	615	of	OTHER
195	3389	3391	1319	591	1342	616	W.2	OTHER
196	3393	3395	1344	592	1371	616	Box	OTHER
197	3397	3397	1373	592	1383	616	5	OTHER
198	3399	3400	1385	592	1399	616	of	OTHER
199	3402	3404	1401	592	1428	616	W.2	OTHER
200	3413	3415	1473	591	1500	615	Box	OTHER
201	3417	3418	1502	593	1518	616	16	OTHER
202	3420	3421	1520	594	1533	617	of	OTHER
203	3423	3424	1535	595	1551	618	W.	OTHER
204	3426	3426	1552	595	1569	619	2	OTHER
205	3428	3432	1600	582	1638	603	Local	OTHER
206	3441	3446	1639	582	1689	603	Wages.	OTHER
207	3667	3671	1603	597	1633	618	Tips,	OTHER
208	3672	3673	1630	612	1647	634	18	OTHER
209	3674	3677	1636	598	1665	619	Etc.	OTHER
210	3687	3696	91	622	179	646	47-3994792	einEmployerIdentificationNumber
211	3724	3733	326	611	401	637	Employee's	OTHER
212	3735	3737	404	611	429	635	SSA	OTHER
213	3743	3748	433	611	493	634	number	OTHER
214	3898	3900	1601	611	1629	633	Box	OTHER
215	3907	3908	1649	613	1661	635	of	OTHER
216	3910	3911	1663	614	1688	637	W2	OTHER
217	3973	3983	425	630	516	654	272-18-1078	ssnOfEmployee
218	4028	4032	871	643	904	662	Gross	OTHER
219	4034	4036	907	644	936	665	Pay	OTHER
220	4044	4049	75	660	124	681	Wages,	OTHER
221	4051	4055	126	660	155	682	tips,	OTHER
222	4057	4061	157	660	192	682	other	OTHER
223	4063	4067	194	660	234	682	comp.	OTHER
224	4084	4090	323	659	371	688	Federal	OTHER
225	4092	4097	376	662	424	688	income	OTHER
226	4099	4101	429	665	449	687	tax	OTHER
227	4103	4109	453	665	502	687	withhel	OTHER
228	4146	4149	805	665	834	686	Less	OTHER
229	4151	4154	837	664	871	684	GOT7	OTHER
230	4156	4157	876	664	890	683	75	OTHER
231	4158	4163	876	677	921	695	(D-Box	OTHER
232	4287	4288	894	664	910	682	04	OTHER
233	4290	4292	913	664	939	682	121	OTHER
234	4293	4294	923	676	942	693	2)	OTHER
235	4311	4314	1061	649	1090	678	7707	OTHER
236	4316	4324	1094	642	1158	671	276100.33	OTHER
237	4342	4349	1353	650	1400	674	216100.5	OTHER
238	4365	4372	1479	651	1530	672	276100.3	OTHER
239	4385	4392	1608	648	1660	668	276100.3	OTHER
240	4401	4406	87	679	136	703	220322	box1WagesTipsAndOtherCompensations
241	4408	4408	139	679	143	702	.	box1WagesTipsAndOtherCompensations
242	4410	4411	145	676	171	701	62	box1WagesTipsAndOtherCompensations
243	4502	4505	806	677	834	695	Less	OTHER
244	4507	4512	836	678	874	695	401(k)	OTHER
245	4560	4562	1263	674	1294	699	NIA	OTHER
246	4593	4596	1473	666	1510	690	7707	OTHER
247	4612	4615	1602	674	1635	691	1707	OTHER
248	4783	4783	44	706	61	729	3	OTHER
249	4784	4784	1518	711	1527	736	6	OTHER
250	4785	4785	284	1381	301	1405	6	OTHER
251	4788	4788	126	1324	133	1342	.	OTHER
252	4815	4821	1264	692	1317	720	36678.5	OTHER
253	4835	4841	1473	691	1521	719	36678.5	OTHER
254	4847	4847	33	1337	49	1361	3	OTHER
255	4849	4854	78	709	116	733	Social	OTHER
256	4856	4863	120	710	173	733	security	OTHER
257	4891	4896	325	715	365	739	Social	OTHER
258	4898	4905	368	715	417	739	security	OTHER
259	4906	4913	424	730	496	755	19099.21	box4SocialSecurityTaxWithheld
260	4979	4981	420	716	441	739	tax	OTHER
261	4983	4989	444	716	494	739	withhel	OTHER
262	5023	5030	805	707	861	728	Reported	OTHER
263	5032	5034	865	707	891	727	W-2	OTHER
264	5036	5040	894	707	938	728	Wages	OTHER
265	5061	5069	1059	711	1119	732	220322.62	OTHER
266	5082	5090	1265	712	1331	736	220322.62	OTHER
267	5092	5100	1344	711	1407	735	220322.62	OTHER
268	5114	5119	1472	706	1516	734	290322	OTHER
269	5121	5121	1586	1404	1602	1426	6	OTHER
270	5134	5141	1600	720	1654	745	220322.6	OTHER
271	5150	5156	88	725	141	749	249662.	box3SocialSecurityWages
272	5158	5159	144	724	170	749	8a	box3SocialSecurityWages
273	5169	5176	73	767	134	794	Medicare	OTHER
274	5178	5182	137	771	179	795	wages	OTHER
275	5184	5186	182	773	207	795	and	OTHER
276	5188	5191	209	774	234	795	tips	OTHER
277	5205	5212	321	776	382	798	Medicare	OTHER
278	5214	5216	385	776	406	798	tax	OTHER
279	5218	5225	409	777	474	798	withheld	OTHER
280	5269	5270	805	782	823	809	3.	OTHER
281	5272	5279	828	782	928	810	Employee	OTHER
282	5281	5283	933	783	973	810	W-4	OTHER
283	5285	5292	978	784	1051	811	Profile.	OTHER
284	5294	5295	1057	785	1083	812	To	OTHER
285	5297	5302	1088	786	1163	813	change	OTHER
286	5304	5307	1168	787	1214	814	your	OTHER
287	5309	5316	1219	788	1318	815	Employee	OTHER
288	5320	5320	465	797	470	820	4	OTHER
289	5322	5328	1370	791	1434	817	Profile	OTHER
290	5330	5341	1438	792	1563	819	Information,	OTHER
291	5343	5346	1567	794	1598	820	file	OTHER
292	5348	5348	1602	795	1615	820	a	OTHER
293	5350	5352	1619	795	1660	821	new	OTHER
294	5354	5356	1323	790	1366	816	W-4	OTHER
295	5358	5361	1711	797	1753	823	with	OTHER
296	5363	5366	1757	798	1803	824	your	OTHER
297	5368	5374	1807	799	1882	825	payroll	OTHER
298	5376	5380	1885	801	1936	826	dept.	OTHER
299	5391	5399	86	792	168	812	203669.32	OTHER
300	5444	5447	433	796	461	820	906.	OTHER
301	5459	5464	75	825	115	847	Social	OTHER
302	5466	5473	117	826	168	849	security	OTHER
303	5475	5478	170	827	193	849	tips	OTHER
304	5489	5497	86	841	169	867	249662.88	OTHER
305	5525	5533	322	831	381	854	Allocated	OTHER
306	5535	5538	385	833	416	857	tips	OTHER
307	5539	5547	422	847	493	869	203669.32	OTHER
308	5665	5670	871	863	949	888	Jordan	OTHER
309	5672	5678	1011	865	1105	891	Hoffman	OTHER
310	5747	5752	1470	852	1507	874	Social	OTHER
311	5754	5761	1510	852	1558	875	Security	OTHER
312	5763	5768	1561	853	1606	876	Number	OTHER
313	5779	5788	1666	854	1728	877	172-18-107	OTHER
314	5793	5793	41	874	60	899	9	OTHER
315	5795	5806	71	875	147	901	Verification	OTHER
316	5808	5811	150	878	180	902	Code	OTHER
317	5834	5834	300	881	315	902	0	OTHER
318	5836	5844	323	882	394	905	Dependent	OTHER
319	5846	5849	396	884	425	905	care	OTHER
320	5851	5857	428	884	475	905	benefit	OTHER
321	5987	5993	1468	870	1514	891	Taxable	OTHER
322	5995	6001	1516	870	1559	893	Marital	OTHER
323	6003	6009	1561	872	1605	896	Status:	OTHER
324	6128	6132	869	897	938	923	98004	OTHER
325	6134	6141	944	898	1053	924	Kimberly	OTHER
326	6143	6148	1062	901	1146	925	Courts	OTHER
327	6150	6154	1154	903	1223	927	Suite	OTHER
328	6156	6157	1232	904	1256	927	54	OTHER
329	6208	6229	1469	889	1617	916	Fenmotions/Allowances:	OTHER
330	6235	6236	41	929	64	952	11	OTHER
331	6238	6249	73	930	156	954	Nonqualified	OTHER
332	6251	6255	159	932	202	955	plans	OTHER
333	6348	6357	868	934	1001	958	Stevenberg	OTHER
334	6359	6360	1036	933	1064	954	OH	OTHER
335	6428	6432	1469	915	1509	936	STATE	OTHER
336	6434	6434	1510	915	1526	935	:	OTHER
337	6444	6446	85	947	117	970	188	OTHER
338	6469	6471	292	934	322	956	12a	OTHER
339	6473	6475	324	935	349	957	See	OTHER
340	6477	6488	351	936	425	958	instructions	OTHER
341	6490	6492	427	936	446	958	for	OTHER
342	6494	6496	448	935	476	958	box	OTHER
343	6498	6499	478	934	500	957	12	OTHER
344	6572	6573	1129	936	1153	955	10	OTHER
345	6579	6580	40	982	61	1003	14	OTHER
346	6582	6586	77	982	111	1008	Other	OTHER
347	6629	6629	408	978	419	995	1	OTHER
348	6631	6634	421	976	452	994	7707	OTHER
349	6670	6672	291	1017	326	1046	12d	OTHER
350	6707	6708	291	1039	302	1066	13	OTHER
351	6710	6713	305	1040	324	1068	Stat	OTHER
352	6715	6717	327	1042	351	1071	emp	OTHER
353	6719	6722	354	1044	373	1072	Ret.	OTHER
354	6724	6727	376	1045	409	1073	Plan	OTHER
355	6729	6731	418	1045	434	1073	3rd	OTHER
356	6733	6737	437	1044	463	1073	party	OTHER
357	6739	6742	466	1043	485	1073	sick	OTHER
358	6744	6746	488	1042	511	1071	pay	OTHER
359	6750	6751	39	1074	61	1099	15	OTHER
360	6753	6757	74	1077	113	1106	State	OTHER
361	6759	6768	146	1076	211	1098	Employers'	OTHER
362	6770	6774	213	1074	242	1098	state	OTHER
363	6776	6777	243	1074	256	1098	ID	OTHER
364	6779	6781	258	1073	285	1099	no.	OTHER
365	6783	6784	291	1073	310	1099	16	OTHER
366	6786	6790	326	1074	360	1100	State	OTHER
367	6792	6797	361	1074	408	1102	wages,	OTHER
368	6799	6803	410	1077	439	1103	tips,	OTHER
369	6805	6808	441	1079	472	1105	etc.	OTHER
370	6825	6834	145	1091	236	1116	264-69-336	OTHER
371	6863	6871	417	1093	489	1116	115767.91	box16StateWagesTips
372	6875	6876	37	1119	62	1145	17	OTHER
373	6907	6908	293	1131	313	1154	18	OTHER
374	6910	6914	323	1132	358	1155	Local	OTHER
375	6916	6921	361	1132	407	1155	wages,	OTHER
376	6922	6930	417	1147	490	1174	162194.76	OTHER
377	6987	6991	410	1133	438	1155	tips,	OTHER
378	6993	6996	441	1132	476	1155	etc.	OTHER
379	7006	7010	81	1141	120	1162	14302	box17StateIncomeTax
380	7012	7014	122	1140	154	1162	.44	box17StateIncomeTax
381	7018	7019	36	1178	60	1204	19	OTHER
382	7021	7025	74	1178	108	1201	Local	OTHER
383	7027	7032	112	1178	160	1201	income	OTHER
384	7034	7036	163	1179	188	1202	tax	OTHER
385	7047	7048	288	1178	314	1212	20	OTHER
386	7050	7057	321	1180	370	1209	Locality	OTHER
387	7059	7062	377	1181	429	1207	name	OTHER
388	7071	7078	80	1192	154	1216	24814.42	OTHER
389	7118	7124	415	1201	476	1229	Hartman	OTHER
390	7126	7131	480	1201	532	1228	Street	OTHER
391	7170	7170	796	1206	805	1228	@	OTHER
392	7172	7175	809	1206	837	1230	2018	OTHER
393	7177	7180	841	1208	872	1232	ADP,	OTHER
394	7182	7184	875	1209	903	1233	LLC	OTHER
395	7189	7189	34	1297	51	1321	1	OTHER
396	7191	7196	64	1299	113	1322	Wages,	OTHER
397	7198	7202	115	1301	144	1322	tips,	OTHER
398	7204	7208	147	1301	180	1323	other	OTHER
399	7210	7214	183	1300	226	1323	comp.	OTHER
400	7228	7234	313	1303	362	1328	Federal	OTHER
401	7236	7241	365	1304	413	1328	income	OTHER
402	7243	7245	416	1304	437	1328	tax	OTHER
403	7247	7254	441	1303	493	1327	withheld	OTHER
404	7275	7280	696	1311	744	1332	Wages,	OTHER
405	7283	7287	747	1313	775	1333	tips,	OTHER
406	7289	7293	778	1313	811	1334	other	OTHER
407	7302	7307	76	1323	126	1342	220522	OTHER
408	7313	7318	66	1337	106	1358	Social	OTHER
409	7326	7326	777	1328	785	1349	.	OTHER
410	7328	7329	133	1324	156	1342	62	OTHER
411	7343	7349	108	1337	151	1359	securit	OTHER
412	7388	7394	1600	697	1651	725	36678.5	OTHER
413	7423	7423	920	1313	939	1339	2	OTHER
414	7424	7425	272	2147	293	2169	20	OTHER
415	7427	7427	682	2300	689	2320	2	OTHER
416	7428	7428	1350	2310	1356	2332	2	OTHER
417	7435	7435	1446	1345	1452	1365	.	OTHER
418	7437	7438	785	1328	808	1348	62	OTHER
419	7439	7443	813	1311	854	1334	comp.	OTHER
420	7456	7462	946	1313	997	1339	Federal	OTHER
421	7464	7469	1001	1314	1048	1339	income	OTHER
422	7471	7473	1052	1314	1072	1338	tax	OTHER
423	7475	7482	1076	1314	1132	1338	withheld	OTHER
424	7509	7514	1364	1322	1411	1346	Wages,	OTHER
425	7516	7520	1414	1324	1442	1347	tips,	OTHER
426	7522	7526	1445	1324	1479	1348	other	OTHER
427	7528	7532	1483	1322	1524	1348	comp.	OTHER
428	7546	7552	1615	1326	1665	1350	Federal	OTHER
429	7554	7559	1668	1326	1717	1350	income	OTHER
430	7561	7563	1720	1326	1741	1349	tax	OTHER
431	7565	7572	1744	1325	1800	1349	withheld	OTHER
432	7581	7589	77	1357	157	1377	249662.88	OTHER
433	7617	7622	313	1342	353	1367	Social	OTHER
434	7624	7631	356	1343	405	1368	security	OTHER
435	7633	7635	408	1343	430	1368	tax	OTHER
436	7637	7643	433	1344	482	1368	withhel	OTHER
437	7664	7669	697	1349	738	1370	Social	OTHER
438	7671	7678	740	1349	791	1370	security	OTHER
439	7680	7682	793	1349	820	1371	wag	OTHER
440	7699	7704	948	1351	987	1382	Social	OTHER
441	7706	7713	990	1354	1039	1382	security	OTHER
442	7715	7717	1043	1356	1064	1382	tax	OTHER
443	7719	7726	1068	1354	1124	1380	withheld	OTHER
444	7755	7760	729	1327	777	1348	220322	OTHER
445	7762	7762	121	1663	126	1685	.	OTHER
446	7764	7765	1454	1343	1475	1365	62	OTHER
447	7804	7808	1717	1345	1756	1366	36678	OTHER
448	7810	7811	1758	1346	1779	1366	.5	OTHER
449	7820	7827	63	1378	124	1401	Medicare	OTHER
450	7829	7833	1459	1364	1505	1387	wages	OTHER
451	7835	7837	172	1380	197	1403	and	OTHER
452	7839	7842	199	1381	225	1404	tips	OTHER
453	7855	7862	310	1381	371	1406	Medicare	OTHER
454	7864	7866	1711	1365	1733	1390	tax	OTHER
455	7868	7875	1735	1366	1789	1389	withheld	OTHER
456	7905	7913	728	1369	807	1388	249662.88	OTHER
457	7994	7997	1380	1367	1405	1387	cial	OTHER
458	7998	8003	1396	1380	1444	1400	249662	OTHER
459	8192	8199	1407	1366	1458	1387	security	OTHER
460	8200	8202	1445	1377	1475	1399	.88	OTHER
461	8203	8207	127	1379	170	1403	wages	OTHER
462	8221	8226	1616	1365	1655	1390	Social	OTHER
463	8228	8235	1658	1365	1709	1390	security	OTHER
464	8237	8239	374	1382	396	1406	tax	OTHER
465	8241	8248	399	1383	466	1406	withheld	OTHER
466	8309	8315	412	1401	470	1427	5906.41	OTHER
467	8341	8348	694	1388	754	1409	Medicare	OTHER
468	8350	8354	758	1390	800	1411	wages	OTHER
469	8356	8358	803	1391	827	1413	and	OTHER
470	8360	8363	830	1392	854	1414	tips	OTHER
471	8389	8396	1032	1390	1099	1412	withheld	OTHER
472	8428	8435	1362	1403	1423	1423	Medicare	OTHER
473	8437	8441	1426	1403	1468	1424	wages	OTHER
474	8443	8445	1471	1403	1496	1424	and	OTHER
475	8447	8450	1499	1403	1526	1426	tips	OTHER
476	8544	8552	728	1401	809	1426	203669.32	OTHER
477	8591	8597	1048	1410	1106	1439	5906.41	OTHER
478	8633	8641	1395	1418	1471	1440	203669.32	OTHER
479	8665	8672	1613	1405	1675	1427	Medicare	OTHER
480	8674	8676	1677	1405	1699	1427	tax	OTHER
481	8678	8684	1716	1420	1771	1448	5906.41	OTHER
482	8917	8924	1701	1401	1766	1426	withheld	OTHER
483	8930	8936	60	1421	107	1445	Control	OTHER
484	8938	8943	110	1420	159	1444	number	OTHER
485	8945	8949	203	1429	246	1450	Dept.	OTHER
486	8951	8955	285	1430	315	1448	Corp.	OTHER
487	8958	8958	33	1423	48	1446	d	OTHER
488	8959	8965	33	1439	97	1464	6584255	OTHER
489	9021	9028	460	1425	515	1449	Employer	OTHER
490	9030	9032	518	1429	542	1451	use	OTHER
491	9034	9037	544	1431	578	1455	only	OTHER
492	9046	9052	691	1429	739	1456	Control	OTHER
493	9054	9059	741	1429	797	1452	number	OTHER
494	9079	9083	918	1437	951	1464	Corp.	OTHER
495	9102	9109	1094	1436	1150	1463	Employer	OTHER
496	9111	9113	1153	1441	1176	1463	use	OTHER
497	9115	9118	1180	1441	1213	1463	only	OTHER
498	9126	9133	1762	1446	1819	1473	Employer	OTHER
499	9137	9140	136	1458	167	1484	name	OTHER
500	9142	9142	171	1459	175	1484	,	OTHER
501	9144	9150	179	1459	226	1484	address	OTHER
502	9152	9152	229	1460	234	1484	,	OTHER
503	9154	9156	238	1459	261	1484	and	OTHER
504	9158	9160	265	1459	286	1483	ZIP	OTHER
505	9162	9165	290	1457	325	1482	code	OTHER
506	9206	9212	664	1454	725	1474	6584255	OTHER
507	9234	9236	874	1445	905	1468	150	OTHER
508	9296	9302	1359	1446	1406	1467	Control	OTHER
509	9304	9309	1409	1445	1463	1464	number	OTHER
510	9324	9328	1522	1451	1567	1475	Dept.	OTHER
511	9329	9333	1587	1448	1620	1469	Corp.	OTHER
512	9366	9368	1822	1452	1845	1476	use	OTHER
513	9370	9373	1847	1454	1879	1478	only	OTHER
514	9383	9395	74	1478	228	1507	Marshall-Cruz	OTHER
515	9397	9399	231	1481	265	1507	PLC	OTHER
516	9464	9473	62	1453	132	1483	Employer's	OTHER
517	9475	9478	766	1467	799	1493	name	OTHER
518	9480	9480	802	1468	808	1493	,	OTHER
519	9482	9488	811	1469	857	1494	address	OTHER
520	9490	9490	860	1470	864	1494	,	OTHER
521	9492	9494	867	1470	892	1494	and	OTHER
522	9496	9498	895	1471	917	1494	ZIP	OTHER
523	9500	9503	920	1471	957	1494	code	OTHER
524	9550	9556	1331	1461	1394	1484	6584255	OTHER
525	9736	9745	693	1464	763	1492	Employer's	OTHER
526	9747	9750	1434	1479	1468	1504	name	OTHER
527	9752	9752	1470	1480	1477	1504	,	OTHER
528	9754	9760	1479	1480	1526	1506	address	OTHER
529	9762	9762	1527	1480	1534	1506	,	OTHER
530	9764	9766	1536	1481	1561	1506	and	OTHER
531	9768	9770	1562	1481	1587	1506	ZIP	OTHER
532	9772	9775	1588	1481	1627	1506	code	OTHER
533	9789	9789	1716	1468	1729	1487	A	OTHER
534	9799	9802	77	1505	126	1534	9803	OTHER
535	9804	9808	130	1505	193	1533	Giles	OTHER
536	9810	9815	197	1506	264	1537	Skyway	OTHER
537	9886	9898	725	1490	878	1518	Marshall-Cruz	OTHER
538	9900	9902	882	1494	913	1518	PLC	OTHER
539	9974	9981	1392	1501	1480	1528	Marshall	OTHER
540	9983	9987	1483	1504	1546	1529	-Cruz	OTHER
541	9989	9991	1549	1506	1581	1530	PLC	OTHER
542	10002	10011	77	1531	193	1558	Stevenberg	OTHER
543	10013	10014	218	1536	248	1558	OH	OTHER
544	10016	10025	295	1537	412	1561	10459-3508	OTHER
545	10089	10092	729	1517	779	1543	9803	OTHER
546	10094	10098	782	1517	845	1543	Giles	OTHER
547	10100	10105	848	1518	916	1547	Skyway	OTHER
548	10176	10179	1395	1528	1445	1555	9803	OTHER
549	10181	10185	1449	1528	1513	1555	Giles	OTHER
550	10187	10192	1516	1530	1582	1560	Skyway	OTHER
551	10290	10299	729	1544	844	1570	Stevenberg	OTHER
552	10301	10302	871	1541	898	1565	OH	OTHER
553	10304	10313	947	1547	1064	1572	10459-3508	OTHER
554	10377	10386	1396	1553	1510	1580	stevenberg	OTHER
555	10388	10389	1537	1557	1563	1580	OH	OTHER
556	10391	10400	1615	1559	1729	1585	10459-3508	OTHER
557	10407	10416	1361	1477	1431	1503	Employer's	OTHER
558	10425	10434	73	1606	163	1635	47-3994792	OTHER
559	10435	10437	133	1594	159	1617	FED	OTHER
560	10439	10440	162	1594	177	1617	ID	OTHER
561	10442	10447	179	1593	238	1617	number	OTHER
562	10462	10471	307	1596	383	1620	Employee's	OTHER
563	10473	10475	387	1597	412	1620	SSA	OTHER
564	10477	10482	416	1597	469	1619	number	OTHER
565	10504	10513	61	1594	131	1617	Employer's	OTHER
566	10515	10517	764	1604	791	1626	FED	OTHER
567	10519	10520	792	1605	808	1626	ID	OTHER
568	10522	10527	809	1605	869	1630	number	OTHER
569	10545	10554	943	1607	1018	1630	Employee's	OTHER
570	10556	10558	1021	1609	1048	1631	SSA	OTHER
571	10560	10565	1050	1609	1103	1631	number	OTHER
572	10659	10668	724	1621	812	1645	47-3994792	OTHER
573	10746	10755	691	1603	762	1625	Employer's	OTHER
574	10940	10949	1391	1631	1482	1656	47-3994792	OTHER
575	10950	10952	1432	1616	1458	1638	FED	OTHER
576	10954	10955	1460	1616	1476	1638	ID	OTHER
577	10957	10962	1478	1615	1533	1638	number	OTHER
578	10969	10978	1612	1618	1685	1644	Employee's	OTHER
579	10980	10982	1689	1619	1715	1644	SSA	OTHER
580	10984	10989	1718	1619	1776	1644	number	OTHER
581	11004	11010	112	1643	152	1669	ecurity	OTHER
582	11012	11015	155	1645	182	1669	tips	OTHER
583	11035	11043	307	1647	368	1671	Allocated	OTHER
584	11045	11048	371	1648	405	1675	tips	OTHER
585	11079	11084	692	1653	730	1678	Social	OTHER
586	11086	11093	734	1656	784	1678	security	OTHER
587	11095	11098	787	1656	808	1677	tips	OTHER
588	11119	11127	943	1658	1003	1683	Allocated	OTHER
589	11129	11132	1005	1660	1039	1686	tips	OTHER
590	11141	11146	72	1661	118	1685	249662	OTHER
591	11148	11148	358	1858	360	1884	.	OTHER
592	11150	11151	128	1663	154	1685	88	OTHER
593	11191	11199	407	1667	482	1688	203669.32	OTHER
594	11316	11319	1375	1664	1399	1687	cial	OTHER
595	11321	11328	1402	1664	1452	1688	security	OTHER
596	11330	11333	1455	1667	1476	1690	tips	OTHER
597	11346	11354	1610	1668	1670	1696	Allocated	OTHER
598	11356	11359	1673	1670	1710	1699	tips	OTHER
599	11362	11362	26	1694	47	1722	9	OTHER
600	11364	11375	58	1694	132	1721	Verification	OTHER
601	11377	11380	136	1696	175	1720	Code	OTHER
602	11505	11513	1043	1679	1119	1702	203669.32	OTHER
603	11545	11550	1391	1684	1438	1707	249662	OTHER
604	11552	11554	1439	1687	1470	1708	.88	OTHER
605	11589	11594	1711	1693	1757	1716	203669	OTHER
606	11596	11598	1760	1691	1785	1716	.32	OTHER
607	11642	11643	283	1700	301	1723	10	OTHER
608	11645	11653	309	1701	380	1724	Dependent	OTHER
609	11655	11658	383	1703	412	1724	care	OTHER
610	11660	11667	415	1703	465	1724	benefits	OTHER
611	11688	11699	688	1706	764	1732	Verification	OTHER
612	11701	11704	766	1710	800	1734	Code	OTHER
613	11727	11735	944	1711	1015	1735	Dependent	OTHER
614	11737	11740	1018	1713	1046	1735	care	OTHER
615	11742	11749	1049	1713	1102	1735	benefits	OTHER
616	11809	11811	407	1720	438	1739	222	OTHER
617	11893	11895	1043	1732	1072	1751	222	OTHER
618	11926	11926	1327	1718	1340	1737	9	OTHER
619	11928	11939	1357	1718	1432	1742	Verification	OTHER
620	11941	11944	1434	1721	1473	1744	Code	OTHER
621	11961	11962	1583	1720	1605	1744	10	OTHER
622	11964	11972	1611	1722	1682	1747	Dependent	OTHER
623	11974	11977	1685	1725	1714	1747	care	OTHER
624	11979	11986	1717	1724	1773	1747	benefits	OTHER
625	11989	11990	27	1745	51	1769	11	OTHER
626	11992	12003	60	1747	143	1772	Nonqualified	OTHER
627	12005	12009	146	1750	184	1773	plans	OTHER
628	12029	12031	279	1752	307	1776	12a	OTHER
629	12033	12035	310	1753	334	1777	See	OTHER
630	12037	12048	337	1754	410	1778	instructions	OTHER
631	12050	12052	414	1754	431	1778	for	OTHER
632	12054	12056	435	1754	461	1778	box	OTHER
633	12058	12059	464	1754	487	1777	12	OTHER
634	12075	12086	691	1757	773	1780	Nonqualified	OTHER
635	12088	12092	775	1761	815	1782	plans	OTHER
636	12215	12217	1710	1740	1743	1765	222	OTHER
637	12310	12312	722	1773	752	1794	128	OTHER
638	12344	12346	916	1764	941	1787	12a	OTHER
639	12348	12350	944	1765	969	1788	See	OTHER
640	12352	12363	972	1765	1044	1789	instructions	OTHER
641	12365	12367	1047	1765	1066	1789	for	OTHER
642	12369	12371	1070	1765	1096	1789	box	OTHER
643	12373	12374	1099	1765	1112	1789	12	OTHER
644	12394	12395	1327	1768	1346	1787	11	OTHER
645	12397	12408	1359	1771	1442	1793	Nonqualified	OTHER
646	12410	12414	1444	1775	1485	1793	plans	OTHER
647	12428	12430	1581	1775	1608	1800	12a	OTHER
648	12432	12434	1612	1776	1636	1801	See	OTHER
649	12436	12447	1640	1776	1712	1802	instructions	OTHER
650	12449	12451	1715	1777	1732	1802	for	OTHER
651	12453	12455	1736	1777	1762	1802	box	OTHER
652	12457	12458	1765	1776	1787	1802	12	OTHER
653	12461	12462	26	1800	46	1820	14	OTHER
654	12464	12467	64	1801	95	1823	Othe	OTHER
655	12642	12644	1389	1784	1421	1805	108	OTHER
656	12683	12685	279	1806	308	1830	12b	OTHER
657	12703	12703	391	1822	401	1854	1	OTHER
658	12705	12707	403	1824	444	1859	588	OTHER
659	12731	12732	657	1810	678	1829	14	OTHER
660	12734	12738	694	1812	733	1835	Other	OTHER
661	12767	12769	913	1819	942	1843	12b	OTHER
662	12858	12858	1625	1811	1636	1834	Y	OTHER
663	12873	12877	1696	1817	1743	1844	12707	OTHER
664	12916	12918	277	1825	309	1853	12c	OTHER
665	13001	13002	920	1835	942	1858	2c	OTHER
666	13058	13062	1363	1825	1401	1844	Other	OTHER
667	13100	13100	1695	1846	1705	1871	1	OTHER
668	13103	13106	293	1858	311	1883	Stat	OTHER
669	13108	13113	315	1858	354	1884	emrRet	OTHER
670	13115	13115	993	1869	995	1897	.	OTHER
671	13117	13120	365	1858	397	1885	Plan	OTHER
672	13122	13124	404	1858	420	1885	3rd	OTHER
673	13126	13130	425	1858	454	1886	party	OTHER
674	13132	13135	458	1858	478	1886	sick	OTHER
675	13137	13139	482	1858	500	1887	pay	OTHER
676	13273	13275	1580	1847	1613	1874	12c	OTHER
677	13292	13294	1708	1847	1742	1873	588	OTHER
678	13416	13417	277	1858	289	1883	13	OTHER
679	13419	13422	927	1866	945	1894	stat	OTHER
680	13424	13429	951	1867	988	1897	empRet	OTHER
681	13431	13431	1746	2119	1749	2142	.	OTHER
682	13433	13436	1000	1869	1033	1899	Plan	OTHER
683	13438	13440	1039	1870	1055	1899	3rd	OTHER
684	13442	13446	1060	1870	1088	1900	party	OTHER
685	13448	13451	1092	1871	1113	1900	sick	OTHER
686	13453	13455	1118	1871	1144	1900	pay	OTHER
687	13458	13460	25	1888	52	1910	eff	OTHER
688	13462	13470	56	1888	127	1914	Employees	OTHER
689	13472	13474	128	1893	150	1916	nar	OTHER
690	13475	13477	149	1890	171	1913	he,	OTHER
691	13479	13485	172	1892	223	1916	address	OTHER
692	13487	13489	225	1894	251	1916	and	OTHER
693	13491	13493	253	1893	275	1915	ZIP	OTHER
694	13495	13498	278	1891	313	1914	code	OTHER
695	13682	13684	1706	1883	1724	1908	3rd	OTHER
696	13686	13690	1727	1884	1757	1909	party	OTHER
697	13692	13695	1759	1885	1782	1910	sick	OTHER
698	13697	13699	1784	1885	1806	1910	pay	OTHER
699	13786	13788	655	1900	682	1923	elf	OTHER
700	13790	13798	686	1902	756	1927	Employees	OTHER
701	13800	13804	759	1905	801	1928	name,	OTHER
702	13806	13812	804	1906	855	1929	address	OTHER
703	13814	13816	858	1906	882	1929	and	OTHER
704	13818	13820	885	1906	906	1928	ZIP	OTHER
705	13822	13825	910	1905	945	1928	code	OTHER
706	13876	13877	1330	1911	1348	1931	/f	OTHER
707	13879	13887	1354	1912	1425	1937	Employees	OTHER
708	13889	13893	1427	1916	1469	1939	name,	OTHER
709	13895	13901	1471	1917	1523	1940	address	OTHER
710	13903	13905	1525	1918	1551	1940	and	OTHER
711	13907	13909	1552	1918	1575	1940	ZIP	OTHER
712	13911	13914	1576	1917	1614	1940	code	OTHER
713	13923	13928	71	1932	140	1957	Jordan	OTHER
714	13930	13936	189	1933	269	1957	Hoffman	OTHER
715	14011	14015	732	1943	790	1968	ordan	OTHER
716	14017	14023	841	1943	922	1969	Hoffman	OTHER
717	14033	14037	70	1957	129	1981	98004	OTHER
718	14039	14046	132	1957	228	1982	Kimberly	OTHER
719	14048	14053	233	1958	306	1983	Courts	OTHER
720	14055	14059	311	1960	372	1984	Suite	OTHER
721	14061	14063	377	1962	412	1985	545	OTHER
722	14119	14123	720	1967	779	1993	98004	OTHER
723	14125	14132	783	1968	880	1994	Kimberly	OTHER
724	14134	14139	883	1969	957	1995	Courts	OTHER
725	14141	14145	961	1970	1023	1996	Suite	OTHER
726	14147	14149	1027	1972	1065	1997	545	OTHER
727	14207	14212	1390	1954	1459	1981	Jordan	OTHER
728	14214	14220	1508	1956	1589	1978	Hoffman	OTHER
729	14229	14236	68	1982	165	2007	Lisafort	OTHER
730	14238	14239	189	1982	215	2007	ID	OTHER
731	14241	14250	222	1983	339	2007	06064-7305	OTHER
732	14316	14323	719	1991	815	2018	Lisafort	OTHER
733	14325	14326	841	1994	867	2019	ID	OTHER
734	14328	14337	873	1995	986	2020	06064-7305	OTHER
735	14405	14409	1389	1979	1448	2004	98004	OTHER
736	14411	14418	1452	1979	1547	2005	Kimberly	OTHER
737	14420	14425	1552	1981	1626	2007	Courts	OTHER
738	14427	14431	1629	1983	1691	2009	Suite	OTHER
739	14433	14435	1696	1985	1735	2011	545	OTHER
740	14620	14627	1388	2004	1484	2030	Lisafort	OTHER
741	14629	14630	1509	2006	1534	2031	ID	OTHER
742	14632	14641	1541	2006	1651	2031	06064-7305	OTHER
743	14649	14653	58	2038	92	2055	State	OTHER
744	14655	14664	128	2043	192	2066	Employers'	OTHER
745	14666	14670	195	2043	223	2067	state	OTHER
746	14672	14673	226	2043	237	2067	ID	OTHER
747	14675	14677	240	2043	271	2067	no.	OTHER
748	14679	14680	274	2044	296	2068	16	OTHER
749	14682	14686	309	2044	341	2068	State	OTHER
750	14688	14693	343	2045	389	2069	wages.	OTHER
751	14695	14699	391	2046	420	2070	tips,	OTHER
752	14701	14704	422	2047	458	2071	etc.	OTHER
753	14729	14730	655	2052	669	2066	15	OTHER
754	14732	14736	688	2052	722	2070	State	OTHER
755	14755	14763	128	2057	202	2080	64-69-336	OTHER
756	14797	14805	401	2062	471	2088	115767.91	OTHER
757	14830	14831	716	2063	740	2084	HI	OTHER
758	14833	14834	780	2062	803	2084	64	OTHER
759	14836	14840	846	2057	874	2079	state	OTHER
760	14842	14843	877	2056	889	2078	ID	OTHER
761	14845	14846	892	2055	907	2077	no	OTHER
762	14848	14849	909	2055	930	2077	16	OTHER
763	14851	14855	943	2055	977	2076	State	OTHER
764	14857	14862	979	2055	1025	2077	wages,	OTHER
765	14864	14868	1028	2057	1056	2078	tips,	OTHER
766	14883	14884	1322	2061	1340	2082	15	OTHER
767	14885	14886	1760	2136	1773	2159	76	OTHER
768	14888	14891	1059	2058	1092	2079	etc.	OTHER
769	14892	14894	1087	2075	1108	2097	.91	OTHER
770	14916	14920	1356	2065	1393	2092	State	OTHER
771	14922	14931	1448	2065	1511	2088	Employers'	OTHER
772	14933	14937	1514	2065	1541	2088	state	OTHER
773	14939	14940	1544	2065	1556	2088	ID	OTHER
774	14942	14943	1559	2065	1575	2088	no	OTHER
775	14945	14946	1577	2065	1599	2089	16	OTHER
776	14948	14952	1610	2065	1644	2090	State	OTHER
777	14954	14959	1646	2066	1693	2091	wages,	OTHER
778	14961	14965	1695	2068	1723	2091	tips,	OTHER
779	14967	14970	1725	2069	1761	2093	etc.	OTHER
780	14978	14982	59	2089	92	2111	State	OTHER
781	14984	14989	96	2090	143	2112	income	OTHER
782	14991	14993	145	2091	171	2112	tax	OTHER
783	15012	15013	273	2089	299	2118	18	OTHER
784	15015	15019	305	2091	341	2120	Local	OTHER
785	15021	15026	345	2095	389	2123	wages,	OTHER
786	15028	15032	393	2099	420	2126	tips,	OTHER
787	15034	15036	424	2102	456	2128	etc	OTHER
788	15166	15174	1446	2080	1528	2103	64-59-336	OTHER
789	15208	15213	1036	2074	1083	2097	115767	OTHER
790	15214	15214	1752	2135	1757	2159	.	OTHER
791	15224	15231	63	2104	139	2133	14302.44	OTHER
792	15303	15304	652	2099	673	2119	17	OTHER
793	15306	15310	690	2101	724	2121	State	OTHER
794	15314	15319	726	2102	775	2122	income	OTHER
795	15320	15322	756	2117	788	2140	.44	OTHER
796	15323	15325	777	2102	797	2122	tax	OTHER
797	15419	15423	715	2115	753	2139	14302	OTHER
798	15453	15454	908	2107	929	2130	18	OTHER
799	15456	15460	941	2107	977	2131	Local	OTHER
800	15462	15467	980	2108	1027	2132	wages,	OTHER
801	15469	15473	1029	2109	1057	2133	tips,	OTHER
802	15475	15478	1059	2110	1092	2135	etc.	OTHER
803	15507	15511	1359	2110	1391	2132	State	OTHER
804	15513	15518	1394	2113	1444	2135	income	OTHER
805	15520	15521	1445	2115	1459	2135	ta	OTHER
806	15542	15543	1575	2112	1602	2142	18	OTHER
807	15545	15549	1608	2114	1642	2143	Local	OTHER
808	15551	15555	1647	2116	1685	2143	wages	OTHER
809	15557	15557	1690	2118	1693	2143	,	OTHER
810	15559	15562	1697	2118	1714	2143	tips	OTHER
811	15564	15564	1719	2118	1724	2142	,	OTHER
812	15566	15568	1728	2119	1741	2142	etc	OTHER
813	15573	15574	20	2142	43	2166	19	OTHER
814	15576	15580	57	2142	92	2167	Local	OTHER
815	15582	15587	96	2143	145	2167	income	OTHER
816	15589	15591	148	2143	176	2167	tax	OTHER
817	15717	15724	1044	2123	1114	2150	62194.76	OTHER
818	15754	15758	1384	2131	1424	2151	14302	OTHER
819	15760	15762	1425	2130	1455	2150	.44	OTHER
820	15807	15812	1703	2134	1749	2159	162194	OTHER
821	15826	15833	64	2157	138	2184	24814.42	OTHER
822	15859	15860	1575	2168	1596	2193	20	OTHER
823	15862	15869	305	2147	357	2171	Locality	OTHER
824	15871	15874	359	2148	403	2174	name	OTHER
825	15875	15881	398	2162	461	2189	Hartman	OTHER
826	15883	15888	464	2165	508	2189	Street	OTHER
827	15904	15905	651	2151	673	2173	19	OTHER
828	15907	15911	688	2153	724	2175	Local	OTHER
829	15913	15918	727	2155	776	2177	income	OTHER
830	15920	15921	779	2156	790	2177	ta	OTHER
831	15947	15954	939	2160	991	2183	Locality	OTHER
832	15956	15959	994	2160	1039	2185	name	OTHER
833	16055	16062	713	2171	787	2193	24814.42	OTHER
834	16104	16110	1033	2173	1096	2200	Hartman	OTHER
835	16112	16117	1098	2177	1151	2200	Street	OTHER
836	16136	16137	1321	2161	1337	2178	19	OTHER
837	16139	16142	1366	2166	1392	2188	ocal	OTHER
838	16144	16149	1396	2166	1444	2188	income	OTHER
839	16151	16153	1447	2165	1463	2186	tax	OTHER
840	16179	16186	1607	2169	1658	2195	Locality	OTHER
841	16188	16191	1661	2170	1707	2197	name	OTHER
842	16377	16384	1383	2182	1449	2204	24814.42	OTHER
843	16428	16434	1701	2186	1764	2213	Hartman	OTHER
844	16436	16441	1766	2188	1816	2213	Street	OTHER
845	16460	16466	124	2199	195	2227	Federal	OTHER
846	16506	16509	424	2204	471	2229	Copy	OTHER
847	16546	16553	772	2207	850	2236	HI.State	OTHER
848	16555	16560	912	2213	964	2239	Filing	OTHER
849	16590	16593	1058	2215	1109	2242	Copy	OTHER
850	16623	16626	201	2224	259	2248	Wage	OTHER
851	16628	16630	286	2222	324	2246	and	OTHER
852	16632	16634	350	2225	382	2248	Tax	OTHER
853	16710	16713	846	2234	902	2260	Wage	OTHER
854	16715	16717	920	2232	959	2260	and	OTHER
855	16719	16721	986	2237	1019	2258	Tax	OTHER
856	16785	16788	1424	2220	1457	2248	City	OTHER
857	16790	16791	1461	2219	1478	2245	or	OTHER
858	16793	16797	1482	2219	1540	2249	Local	OTHER
859	16799	16804	1581	2227	1628	2251	Filing	OTHER
860	16835	16838	1726	2228	1774	2250	Copy	OTHER
861	16841	16843	22	2251	85	2279	W-2	OTHER
862	16868	16875	197	2251	274	2274	Statemen	OTHER
863	16900	16903	413	2261	488	2288	2018	OTHER
864	16956	16964	842	2264	931	2286	statement	OTHER
865	17043	17046	1512	2246	1572	2272	Wage	OTHER
866	17068	17070	1654	2249	1685	2271	Tax	OTHER
867	17157	17159	655	2265	715	2289	W-2	OTHER
868	17217	17220	1050	2270	1124	2303	2018	OTHER
869	17246	17248	1322	2275	1376	2302	W-2	OTHER
870	17275	17283	1505	2274	1586	2296	Statement	OTHER
871	17285	17288	17	2289	48	2309	Copy	OTHER
872	17290	17290	50	2289	60	2309	B	OTHER
873	17292	17293	63	2289	76	2310	to	OTHER
874	17295	17296	78	2290	93	2310	be	OTHER
875	17298	17302	96	2290	120	2311	filed	OTHER
876	17304	17307	123	2290	148	2311	with	OTHER
877	17309	17318	151	2290	217	2313	employee's	OTHER
878	17320	17326	220	2291	263	2314	Federal	OTHER
879	17328	17333	266	2292	310	2315	Income	OTHER
880	17335	17337	314	2293	334	2315	Tax	OTHER
881	17339	17344	338	2293	383	2316	Return	OTHER
882	17346	17348	398	2294	428	2317	OMB	OTHER
883	17350	17352	431	2295	453	2317	No.	OTHER
884	17354	17362	457	2296	522	2319	1545-0008	OTHER
885	17369	17372	648	2299	678	2320	Copy	OTHER
886	17376	17377	692	2300	705	2321	to	OTHER
887	17379	17380	708	2300	722	2321	be	OTHER
888	17382	17386	726	2301	749	2322	filed	OTHER
889	17388	17391	753	2301	777	2323	with	OTHER
890	17393	17402	781	2302	846	2324	employee's	OTHER
891	17404	17408	850	2303	879	2325	State	OTHER
892	17410	17415	883	2304	928	2326	Income	OTHER
893	17417	17419	931	2304	952	2326	Tax	OTHER
894	17421	17426	955	2304	1001	2327	Return	OTHER
895	17428	17430	1033	2307	1060	2330	OMB	OTHER
896	17432	17434	1065	2307	1087	2330	No.	OTHER
897	17436	17444	1090	2307	1159	2331	1545-0008	OTHER
898	17522	17525	1716	2283	1790	2311	2018	OTHER
899	17701	17704	1317	2309	1346	2332	Copy	OTHER
900	17708	17709	1360	2311	1372	2333	to	OTHER
901	17711	17712	1376	2312	1389	2334	be	OTHER
902	17714	17718	1393	2312	1416	2334	filed	OTHER
903	17720	17723	1420	2313	1444	2335	with	OTHER
904	17725	17734	1448	2314	1514	2337	employee's	OTHER
905	17736	17739	1518	2316	1542	2338	City	OTHER
906	17741	17742	1545	2317	1554	2338	or	OTHER
907	17744	17748	1558	2317	1590	2338	Local	OTHER
908	17750	17755	1594	2318	1637	2339	Income	OTHER
909	17757	17759	1641	2319	1661	2339	Tax	OTHER
910	17761	17767	1665	2319	1730	2339	ReturnB	OTHER
911	17769	17771	1734	2320	1756	2339	No.	OTHER
912	17773	17781	1759	2320	1821	2339	1545-0008	OTHER
