	0	0.1	944	2573	983	2597	5328	OTHER
0	104	107	1035	253	1156	305	2018	OTHER
1	127	129	1171	254	1276	306	W-2	OTHER
2	145	147	1287	255	1389	307	and	OTHER
3	166	173	1401	255	1691	307	EARNINGS	OTHER
4	195	201	1709	253	1995	306	SUMMARY	OTHER
5	259	261	2225	245	2311	291	ADP	OTHER
6	280	287	222	317	318	344	Employee	OTHER
7	301	309	393	313	498	346	Reference	OTHER
8	315	318	592	316	643	342	Copy	OTHER
9	360	362	964	314	1006	344	his	OTHER
10	364	367	1010	314	1071	343	blue	OTHER
11	369	376	1076	314	1197	343	Earnings	OTHER
12	378	384	1201	314	1328	342	Summary	OTHER
13	386	392	1333	314	1428	342	section	OTHER
14	394	395	1433	314	1459	342	is	OTHER
15	397	404	1464	314	1577	342	included	OTHER
16	406	409	1582	314	1639	342	with	OTHER
17	411	414	1644	314	1704	342	your	OTHER
18	416	418	1710	314	1766	342	W-2	OTHER
19	420	421	1772	314	1799	343	to	OTHER
20	423	426	1804	313	1865	343	help	OTHER
21	428	435	1876	313	1984	344	describe	OTHER
22	437	444	1990	313	2096	344	portions	OTHER
23	446	447	2102	313	2127	345	in	OTHER
24	449	452	2133	312	2205	346	more	OTHER
25	454	460	2214	312	2288	346	detail.	OTHER
26	492	495	329	351	386	376	Wage	OTHER
27	497	499	428	346	465	370	and	OTHER
28	501	503	506	346	544	372	Tax	OTHER
29	558	559	965	344	1000	371	he	OTHER
30	561	567	1005	343	1108	371	reverse	OTHER
31	569	572	1115	343	1170	370	side	OTHER
32	574	581	1176	343	1290	370	includes	OTHER
33	583	589	1294	343	1394	370	general	OTHER
34	591	601	1399	343	1547	370	information	OTHER
35	603	606	1554	343	1607	370	that	OTHER
36	608	610	1612	343	1660	370	you	OTHER
37	612	614	1667	343	1727	370	may	OTHER
38	616	619	1732	343	1787	370	also	OTHER
39	621	624	1794	343	1844	370	find	OTHER
40	626	633	1848	343	1946	370	helpful.	OTHER
41	638	640	112	381	169	417	N-2	OTHER
42	665	673	324	371	403	396	Statement	OTHER
43	683	686	582	386	666	418	2018	taxYear
44	689	692	100	432	135	458	Copy	OTHER
45	694	694	138	432	148	455	C	OTHER
46	696	698	150	431	172	455	for	OTHER
47	700	709	175	431	250	455	employee's	OTHER
48	711	718	252	431	321	461	records.	OTHER
49	735	737	563	422	596	448	OMB	OTHER
50	739	741	599	422	625	448	No.	OTHER
51	743	751	630	422	709	448	1545-0008	OTHER
52	790	791	1025	425	1048	455	1.	OTHER
53	793	795	1052	425	1097	455	The	OTHER
54	797	805	1101	425	1211	455	following	OTHER
55	807	817	1215	424	1354	455	information	OTHER
56	819	826	1358	424	1447	454	reflects	OTHER
57	828	831	1451	424	1507	454	your	OTHER
58	833	837	1511	424	1565	455	final	OTHER
59	839	842	1569	424	1625	455	2018	OTHER
60	844	846	1629	424	1675	455	pay	OTHER
61	848	851	1679	424	1733	455	stub	OTHER
62	853	856	1738	424	1791	455	plus	OTHER
63	858	860	1796	424	1840	455	any	OTHER
64	862	872	1844	424	1991	456	adjustments	OTHER
65	874	882	1995	424	2113	456	submitted	OTHER
66	884	885	2117	425	2149	456	by	OTHER
67	887	890	2154	425	2209	457	your	OTHER
68	892	900	2214	425	2337	458	employer.	OTHER
69	903	903	99	450	117	475	d	OTHER
70	905	911	130	449	185	476	Control	OTHER
71	913	918	187	445	256	475	number	OTHER
72	920	924	306	448	340	489	Dept.	OTHER
73	926	928	343	460	380	491	150	OTHER
74	929	933	406	451	466	493	Corp.	OTHER
75	954	961	614	450	679	480	Emplover	OTHER
76	963	965	684	450	709	479	use	OTHER
77	967	970	714	452	753	484	only	OTHER
78	972	973	758	458	781	489	36	OTHER
79	975	979	99	476	143	502	19543	OTHER
80	981	982	145	473	174	502	35	OTHER
81	1022	1022	561	465	583	496	A	OTHER
82	1084	1088	1102	472	1144	499	Gross	OTHER
83	1090	1092	1148	468	1181	497	Pay	OTHER
84	1100	1107	1264	469	1331	494	314831.3	OTHER
85	1130	1137	1639	468	1702	497	14194.83	OTHER
86	1146	1148	1836	473	1858	497	NV.	OTHER
87	1150	1154	1863	474	1899	498	State	OTHER
88	1156	1161	1904	473	1960	498	Income	OTHER
89	1163	1165	1964	472	1986	497	Tax	OTHER
90	1167	1173	2071	466	2122	495	5328.48	OTHER
91	1314	1316	1458	488	1479	516	Tax	OTHER
92	1318	1325	1483	485	1560	516	Withheld	OTHER
93	1332	1336	152	524	227	553	DAYOR	employerName
94	1338	1340	232	524	281	553	LLC	employerName
95	1342	1346	284	524	348	553	GROUP	employerName
96	1466	1468	1458	510	1481	537	Box	OTHER
97	1470	1470	1484	509	1495	536	4	OTHER
98	1472	1473	1498	509	1513	535	of	OTHER
99	1475	1477	1516	509	1554	536	W-2	OTHER
100	1498	1502	1835	511	1875	535	Local	OTHER
101	1504	1509	1878	512	1936	536	Income	OTHER
102	1511	1512	1938	513	1954	537	Ta	OTHER
103	1519	1526	2071	509	2135	538	38116.94	OTHER
104	1699	1701	1837	534	1864	561	Box	OTHER
105	1703	1704	1868	534	1886	561	19	OTHER
106	1706	1707	1890	534	1904	561	of	OTHER
107	1709	1710	1907	534	1925	561	W-	OTHER
108	1712	1712	1927	535	1940	561	2	OTHER
109	1720	1722	156	564	198	597	773	employerAddressStreet_name
110	1724	1729	203	564	289	595	Miller	employerAddressStreet_name
111	1731	1735	293	565	370	596	Wells	employerAddressStreet_name
112	1737	1741	373	567	448	599	Suite	employerAddressStreet_name
113	1743	1745	450	571	502	602	955	employerAddressStreet_name
114	1824	1827	1102	568	1132	595	Fed.	OTHER
115	1829	1834	1136	568	1198	594	Income	OTHER
116	1838	1839	1257	565	1270	588	64	OTHER
117	1841	1846	1274	565	1327	590	208.31	OTHER
118	1852	1859	1453	567	1521	595	Medicare	OTHER
119	1861	1863	1526	565	1551	593	Tax	OTHER
120	1871	1877	1668	565	1724	592	6484.09	OTHER
121	1885	1888	158	592	215	624	Test	employerAddressCity
122	1890	1902	220	591	396	623	Jonathanshire	employerAddressCity
123	1904	1905	413	591	450	621	CT	employerAddressState
124	1907	1916	467	591	601	622	44169-8232	employerAddressZip
125	1988	1990	1100	592	1129	619	Tax	OTHER
126	1992	1999	1131	591	1198	618	Withheld	OTHER
127	2018	2025	1454	592	1530	618	Withheld	OTHER
128	2138	2140	1106	615	1129	642	Box	OTHER
129	2142	2142	1134	617	1142	644	2	OTHER
130	2144	2145	1146	618	1161	644	of	OTHER
131	2147	2149	1166	618	1195	644	W-2	OTHER
132	2165	2167	1453	612	1483	642	Box	OTHER
133	2169	2169	1486	616	1495	642	6	OTHER
134	2171	2172	1498	616	1513	643	of	OTHER
135	2174	2174	1516	616	1528	643	W	OTHER
136	2176	2176	1531	615	1535	643	-	OTHER
137	2178	2178	1538	613	1558	642	2	OTHER
138	2199	2201	1843	614	1865	640	Box	OTHER
139	2203	2204	1869	613	1887	640	14	OTHER
140	2206	2207	1890	614	1905	642	of	OTHER
141	2209	2210	1908	616	1929	645	W-	OTHER
142	2249	2253	406	682	476	712	Batch	OTHER
143	2278	2283	590	678	675	711	#02021	OTHER
144	2285	2287	98	729	127	755	eff	OTHER
145	2289	2297	132	729	216	756	Employees	OTHER
146	2299	2303	219	728	265	756	name.	OTHER
147	2305	2311	268	727	329	756	address	OTHER
148	2313	2315	331	727	361	755	and	OTHER
149	2317	2319	364	726	389	755	ZIP	OTHER
150	2321	2324	392	726	438	754	code	OTHER
151	2428	2429	1023	753	1048	782	2.	OTHER
152	2431	2434	1053	753	1111	782	Your	OTHER
153	2436	2440	1116	753	1187	782	Gross	OTHER
154	2442	2444	1193	754	1236	783	Pay	OTHER
155	2446	2448	1241	754	1290	783	was	OTHER
156	2450	2457	1295	754	1398	783	adjusted	OTHER
157	2459	2460	1403	754	1432	783	as	OTHER
158	2462	2468	1437	753	1523	783	follows	OTHER
159	2470	2471	1528	753	1553	783	to	OTHER
160	2473	2479	1558	753	1658	783	produce	OTHER
161	2481	2484	1662	752	1717	783	your	OTHER
162	2486	2488	1722	752	1771	783	W-2	OTHER
163	2490	2499	1776	750	1895	783	Statement.	OTHER
164	2506	2512	151	784	251	813	Michael	employeeName
165	2520	2524	154	811	226	843	14193	OTHER
166	2526	2532	231	811	332	840	Richard	OTHER
167	2534	2537	337	812	396	843	Camp	OTHER
168	2659	2664	1333	817	1389	844	Wages,	OTHER
169	2666	2670	1394	816	1429	844	Tips,	OTHER
170	2672	2675	1434	814	1464	842	othe	OTHER
171	2684	2689	1582	814	1626	845	Social	OTHER
172	2691	2695	1632	813	1675	843	Secur	OTHER
173	2698	2703	1680	813	1731	841	Medica	OTHER
174	2718	2720	1839	814	1857	845	NV.	OTHER
175	2722	2726	1863	813	1898	843	State	OTHER
176	2728	2733	1904	808	1960	841	Wages,	OTHER
177	2735	2740	1991	814	2048	842	Hansen	OTHER
178	2742	2746	2053	812	2088	838	Cliff	OTHER
179	2753	2756	152	840	213	871	Port	OTHER
180	2758	2762	218	839	292	871	Terry	OTHER
181	2764	2765	308	839	344	870	WV	OTHER
182	2767	2776	375	839	513	870	38332-8400	OTHER
183	2924	2926	1334	857	1362	887	Box	OTHER
184	2928	2928	1367	858	1375	887	1	OTHER
185	2930	2931	1381	859	1393	888	of	OTHER
186	2933	2933	1398	859	1408	888	W	OTHER
187	2935	2935	1413	860	1414	888	-	OTHER
188	2937	2937	1419	860	1437	888	2	OTHER
189	2949	2953	1582	841	1644	871	Wages	OTHER
190	2954	2958	1679	829	1742	860	Waves	OTHER
191	2981	2983	1835	856	1865	887	BOX	OTHER
192	2985	2986	1869	856	1887	886	16	OTHER
193	2988	2989	1625	860	1639	892	of	OTHER
194	2991	2991	1642	860	1654	891	W	OTHER
195	2993	2993	1657	860	1660	891	-	OTHER
196	2995	2995	1664	860	1675	891	2	OTHER
197	3000	3003	2001	843	2031	868	ocal	OTHER
198	3005	3009	2035	839	2082	866	Wages	OTHER
199	3011	3011	2086	838	2090	861	,	OTHER
200	3182	3184	1578	860	1609	893	Box	OTHER
201	3186	3186	1612	860	1622	892	3	OTHER
202	3188	3189	1724	860	1739	890	of	OTHER
203	3191	3191	1743	860	1754	890	W	OTHER
204	3193	3193	1756	860	1761	890	-	OTHER
205	3195	3195	1762	860	1780	890	2	OTHER
206	3197	3199	1679	860	1707	891	Box	OTHER
207	3201	3201	1711	860	1720	891	5	OTHER
208	3203	3204	1891	856	1903	888	of	OTHER
209	3206	3206	1907	858	1918	890	W	OTHER
210	3208	3208	1922	860	1924	891	-	OTHER
211	3210	3210	1928	861	1938	892	2	OTHER
212	3235	3237	1996	874	2021	903	Box	OTHER
213	3239	3240	2025	876	2042	904	18	OTHER
214	3242	3243	2047	876	2060	904	of	OTHER
215	3245	3246	2065	876	2087	904	W2	OTHER
216	3250	3259	134	905	217	931	Employer's	OTHER
217	3261	3263	220	905	253	931	FED	OTHER
218	3265	3266	255	905	273	931	ID	OTHER
219	3268	3273	275	903	333	930	number	OTHER
220	3290	3299	436	905	523	933	Employee's	OTHER
221	3301	3303	526	905	557	935	SSA	OTHER
222	3305	3315	559	908	669	951	numb40-8657	ssnOfEmployee
223	3321	3330	150	921	256	953	30-5841370	einEmployerIdentificationNumber
224	3425	3430	1071	926	1140	961	TGross	OTHER
225	3432	3434	1145	926	1173	952	Pay	OTHER
226	3465	3473	1372	922	1450	951	314831.33	OTHER
227	3486	3490	1584	928	1628	955	35+05	OTHER
228	3492	3499	1683	924	1750	955	314831.3	OTHER
229	3522	3529	1841	921	1904	948	314831.3	OTHER
230	3540	3547	1997	920	2059	948	314831.3	OTHER
231	3592	3598	433	957	490	990	Federal	OTHER
232	3600	3605	493	959	548	990	income	OTHER
233	3607	3609	551	961	575	990	tax	OTHER
234	3611	3618	578	962	649	990	withheld	OTHER
235	3719	3721	1580	952	1616	980	NIA	OTHER
236	3752	3755	1837	949	1875	968	7905	OTHER
237	3960	3962	1834	960	1872	990	584	OTHER
238	3979	3982	1993	950	2032	970	1905	OTHER
239	4205	4207	1990	961	2024	986		OTHER
240	4214	4219	151	977	208	1005	235428	box1WagesTipsAndOtherCompensations
241	4221	4221	210	977	215	1003	.	box1WagesTipsAndOtherCompensations
242	4223	4224	217	974	251	1002	19	box1WagesTipsAndOtherCompensations
243	4269	4273	561	978	608	1007	64208	box2FederalIncomeTaxWithheld
244	4275	4275	609	979	617	1006	.	box2FederalIncomeTaxWithheld
245	4277	4278	618	979	647	1006	31	box2FederalIncomeTaxWithheld
246	4311	4314	1023	966	1057	993	Less	OTHER
247	4316	4321	1061	964	1105	991	401(k)	OTHER
248	4323	4328	1110	962	1161	989	(D-Box	OTHER
249	4330	4331	1165	962	1184	987	2)	OTHER
250	4354	4361	1581	972	1649	1007	64208.31	OTHER
251	4378	4385	1334	980	1396	1010	64208.31	OTHER
252	4387	4389	1678	964	1714	991	NIA	OTHER
253	4569	4576	1680	980	1743	1009	64208.31	OTHER
254	4594	4601	1835	978	1900	1011	64208.31	OTHER
255	4612	4618	1992	981	2051	1008	64208.3	OTHER
256	4723	4730	1022	1000	1089	1026	Reported	OTHER
257	4732	4734	1093	999	1123	1026	W-2	OTHER
258	4736	4740	1127	994	1182	1024	Wages	OTHER
259	4746	4751	134	1023	179	1052	Social	OTHER
260	4753	4760	183	1023	241	1052	security	OTHER
261	4762	4766	245	1018	296	1049	wages	OTHER
262	4785	4790	434	1018	480	1048	Social	OTHER
263	4792	4799	484	1019	542	1048	security	OTHER
264	4801	4803	545	1018	569	1047	tax	OTHER
265	4804	4808	561	1031	607	1061	14194	box4SocialSecurityTaxWithheld
266	4874	4881	573	1017	639	1046	withheld	OTHER
267	4952	4952	610	1031	617	1061	.	box4SocialSecurityTaxWithheld
268	4954	4955	620	1032	649	1060	83	box4SocialSecurityTaxWithheld
269	4962	4969	139	1089	199	1117	Medicare	OTHER
270	4971	4975	203	1088	253	1113	wages	OTHER
271	4977	4979	257	1088	283	1111	and	OTHER
272	4981	4984	287	1088	325	1110	tips	OTHER
273	5001	5008	433	1087	503	1115	Medicare	OTHER
274	5010	5012	504	1088	530	1114	tax	OTHER
275	5014	5021	531	1088	605	1121	withheld	OTHER
276	5059	5060	1023	1085	1046	1116	3.	OTHER
277	5062	5069	1052	1085	1168	1116	Employee	OTHER
278	5071	5073	1174	1085	1220	1116	W-4	OTHER
279	5075	5082	1226	1085	1313	1116	Profile.	OTHER
280	5084	5085	1318	1085	1349	1116	To	OTHER
281	5087	5092	1354	1085	1440	1116	change	OTHER
282	5094	5097	1444	1085	1502	1116	your	OTHER
283	5099	5106	1506	1085	1624	1116	Employee	OTHER
284	5108	5110	1629	1086	1677	1116	W-4	OTHER
285	5112	5118	1681	1086	1759	1117	Profile	OTHER
286	5120	5131	1763	1086	1908	1117	Information,	OTHER
287	5133	5136	1911	1086	1950	1117	file	OTHER
288	5138	5138	1953	1086	1970	1117	a	OTHER
289	5140	5142	1973	1086	2024	1117	new	OTHER
290	5144	5146	2029	1086	2077	1117	W-4	OTHER
291	5148	5151	2079	1086	2133	1117	with	OTHER
292	5153	5156	2136	1086	2193	1118	your	OTHER
293	5158	5164	2196	1086	2286	1118	payroll	OTHER
294	5166	5170	2288	1086	2360	1118	dept.	OTHER
295	5178	5183	150	1109	208	1135	223589	OTHER
296	5185	5187	209	1109	242	1135	.25	OTHER
297	5233	5239	565	1107	626	1135	$484.09	OTHER
298	5282	5282	405	1146	424	1175	8	OTHER
299	5284	5292	436	1145	504	1176	Allocated	OTHER
300	5294	5297	506	1146	548	1181	tips	OTHER
301	5444	5449	1837	1151	1877	1181	Social	OTHER
302	5451	5458	1882	1151	1935	1178	Security	OTHER
303	5460	5462	1939	1152	1970	1177	Num	OTHER
304	5464	5465	1974	1154	1990	1177	be	OTHER
305	5472	5480	152	1158	250	1191	185553.33	OTHER
306	5526	5531	562	1166	616	1193	223589	OTHER
307	5533	5535	620	1166	651	1193	.25	OTHER
308	5582	5588	1100	1168	1211	1199	Michael	OTHER
309	5590	5596	1234	1169	1337	1203	Spencer	OTHER
310	5705	5711	2072	1161	2140	1193	MARRIED	OTHER
311	5716	5727	132	1208	216	1236	Verification	OTHER
312	5729	5732	220	1208	260	1234	Code	OTHER
313	5755	5755	413	1207	432	1234	0	OTHER
314	5757	5765	439	1206	520	1234	Dependent	OTHER
315	5767	5770	523	1207	557	1234	care	OTHER
316	5772	5779	560	1207	618	1234	benefits	OTHER
317	5829	5833	1108	1208	1181	1238	14193	OTHER
318	5835	5841	1189	1208	1299	1238	Richard	OTHER
319	5843	5846	1306	1208	1358	1239	Camp	OTHER
320	5915	5921	1835	1201	1904	1229	FEDERAL	OTHER
321	5923	5923	1907	1199	1925	1228	:	OTHER
322	6041	6044	1104	1247	1168	1276	West	OTHER
323	6046	6058	1177	1248	1368	1276	Jonathanshire	OTHER
324	6060	6061	1393	1246	1425	1276	CT	OTHER
325	6128	6132	1834	1233	1896	1267	LOCAL	OTHER
326	6135	6135	107	1266	125	1290	1	OTHER
327	6137	6148	136	1265	231	1290	Nonqualified	OTHER
328	6150	6154	234	1264	275	1287	plans	OTHER
329	6166	6167	413	1261	437	1288	2a	OTHER
330	6169	6171	440	1262	467	1289	See	OTHER
331	6173	6184	470	1263	558	1289	instructions	OTHER
332	6186	6188	561	1263	583	1289	for	OTHER
333	6190	6192	586	1262	616	1289	box	OTHER
334	6194	6195	620	1262	636	1288	12	OTHER
335	6202	6204	152	1279	190	1308	230	OTHER
336	6262	6265	563	1303	600	1330	7905	OTHER
337	6268	6268	107	1326	122	1349	4	OTHER
338	6270	6274	143	1325	190	1349	Other	OTHER
339	6308	6309	412	1350	443	1381	20	OTHER
340	6331	6333	563	1353	602	1383	686	OTHER
341	6367	6367	411	1379	416	1413	3	OTHER
342	6369	6372	422	1380	442	1414	Stat	OTHER
343	6374	6377	448	1381	477	1416	amp.	OTHER
344	6379	6381	483	1383	496	1416	Fet	OTHER
345	6383	6383	502	1383	503	1417	.	OTHER
346	6385	6388	509	1383	551	1417	Plan	OTHER
347	6390	6392	561	1383	577	1416	ard	OTHER
348	6394	6399	583	1382	607	1415	partly	OTHER
349	6401	6404	613	1381	634	1413	sick	OTHER
350	6406	6408	639	1380	662	1411	pay	OTHER
351	6412	6416	138	1430	183	1454	State	OTHER
352	6418	6427	230	1427	304	1456	Emplovers'	OTHER
353	6429	6433	309	1426	340	1456	state	OTHER
354	6435	6436	345	1426	360	1455	ID	OTHER
355	6438	6440	364	1425	399	1455	no.	OTHER
356	6442	6443	409	1419	437	1452	16	OTHER
357	6445	6449	445	1420	481	1453	State	OTHER
358	6451	6455	487	1421	528	1454	wades	OTHER
359	6457	6457	533	1422	536	1454	,	OTHER
360	6459	6462	542	1422	564	1455	tips	OTHER
361	6463	6471	563	1436	647	1469	118605.37	box16StateWagesTips
362	6531	6531	569	1422	574	1455	,	OTHER
363	6533	6535	579	1422	595	1455	etc	OTHER
364	6537	6537	601	1422	612	1455	.	OTHER
365	6539	6540	100	1483	123	1507	17	OTHER
366	6541	6541	105	2501	123	2524	5	OTHER
367	6543	6543	1180	1674	1203	1708	2	OTHER
368	6544	6544	414	1481	435	1513	8	OTHER
369	6546	6546	602	1483	622	1512	.	OTHER
370	6548	6549	201	1497	228	1523	48	box17StateIncomeTax
371	6571	6571	406	2057	428	2089	8	OTHER
372	6574	6578	442	1482	482	1515	Local	OTHER
373	6581	6585	487	1484	530	1515	wages	OTHER
374	6589	6589	535	1485	538	1515	,	OTHER
375	6591	6594	543	1484	566	1515	tips	OTHER
376	6598	6598	572	1484	576	1514	,	OTHER
377	6600	6602	582	1484	596	1513	etc	OTHER
378	6604	6604	192	1498	198	1523	.	box17StateIncomeTax
379	6607	6611	140	1540	180	1574	Local	OTHER
380	6613	6618	184	1540	238	1574	income	OTHER
381	6620	6621	242	1539	253	1570	ta	OTHER
382	6623	6623	256	1538	261	1568	:	OTHER
383	6640	6647	444	1541	500	1573	Locality	OTHER
384	6649	6652	504	1545	556	1577	name	OTHER
385	6654	6659	561	1548	623	1582	Hansen	OTHER
386	6661	6665	628	1553	674	1585	Cliff	OTHER
387	6769	6772	1039	1557	1072	1588	2018	OTHER
388	6774	6777	1077	1556	1111	1586	ADP,	OTHER
389	6779	6781	1116	1556	1155	1586	LLC	OTHER
390	6785	6785	98	1677	118	1706	1	OTHER
391	6787	6791	132	1678	178	1705	Wages	OTHER
392	6793	6793	183	1678	185	1705	,	OTHER
393	6795	6798	190	1677	213	1705	tips	OTHER
394	6800	6800	218	1677	223	1704	.	OTHER
395	6802	6806	228	1676	266	1704	other	OTHER
396	6808	6811	271	1673	307	1703	comp	OTHER
397	6813	6813	312	1672	322	1701	.	OTHER
398	6823	6829	433	1673	488	1705	Federal	OTHER
399	6831	6836	493	1675	548	1706	income	OTHER
400	6838	6840	552	1676	575	1706	tax	OTHER
401	6842	6848	579	1677	633	1706	withhel	OTHER
402	6868	6868	863	1676	891	1710	1	OTHER
403	6870	6874	901	1676	945	1708	Wages	OTHER
404	6876	6876	951	1676	954	1706	.	OTHER
405	6878	6881	960	1676	980	1705	tips	OTHER
406	6883	6883	987	1676	989	1705	.	OTHER
407	6885	6889	996	1675	1031	1704	other	OTHER
408	6891	6894	1038	1674	1074	1703	comp	OTHER
409	6896	6896	1080	1674	1085	1703	.	OTHER
410	6905	6905	906	2779	913	2806	2	OTHER
411	6907	6913	1209	1674	1261	1708	Federal	OTHER
412	6915	6920	1266	1675	1318	1707	income	OTHER
413	6922	6924	1323	1675	1347	1706	tax	OTHER
414	6926	6929	1352	1676	1378	1706	with	OTHER
415	6931	6932	1383	1677	1402	1706	he	OTHER
416	6970	6974	1715	1675	1758	1706	Wages	OTHER
417	6976	6976	1763	1677	1768	1707	.	OTHER
418	6978	6981	1773	1677	1795	1707	tips	OTHER
419	6983	6983	1801	1677	1805	1707	.	OTHER
420	6985	6989	1810	1675	1848	1707	other	OTHER
421	6991	6994	1854	1672	1889	1705	comp	OTHER
422	6996	6996	1894	1671	1898	1702	.	OTHER
423	7008	7014	2022	1675	2074	1706	Federal	OTHER
424	7016	7021	2079	1675	2134	1706	income	OTHER
425	7023	7025	2139	1676	2160	1707	tax	OTHER
426	7027	7033	2164	1676	2219	1709	withhel	OTHER
427	7040	7045	134	1723	180	1747	Social	OTHER
428	7047	7054	182	1723	241	1747	security	OTHER
429	7056	7060	244	1723	291	1747	wages	OTHER
430	7072	7072	404	1715	428	1754	4	OTHER
431	7074	7079	435	1715	477	1754	Social	OTHER
432	7081	7088	484	1716	539	1752	security	OTHER
433	7090	7092	546	1715	568	1748	tax	OTHER
434	7094	7097	574	1715	599	1746	with	OTHER
435	7099	7102	605	1714	640	1743	held	OTHER
436	7121	7126	902	1719	945	1749	Social	OTHER
437	7128	7136	150	1739	245	1768	185553.33	OTHER
438	7231	7238	951	1716	1009	1746	security	OTHER
439	7240	7242	1014	1715	1039	1742	way	OTHER
440	7260	7265	1209	1716	1254	1755	Social	OTHER
441	7267	7274	1259	1715	1314	1753	security	OTHER
442	7276	7278	1319	1715	1341	1748	tax	OTHER
443	7280	7287	1346	1712	1411	1746	withheld	OTHER
444	7324	7329	1716	1719	1761	1748	Social	OTHER
445	7332	7339	1765	1717	1823	1744	security	OTHER
446	7341	7342	1827	1717	1849	1741	wa	OTHER
447	7361	7366	2023	1716	2067	1750	Social	OTHER
448	7368	7375	2072	1716	2129	1750	security	OTHER
449	7377	7379	2135	1715	2156	1748	tax	OTHER
450	7381	7388	2161	1711	2229	1746	withheld	OTHER
451	7396	7404	945	1736	1040	1766	185553.33	OTHER
452	7429	7436	434	1758	498	1796	Medicare	OTHER
453	7438	7440	505	1760	526	1796	tax	OTHER
454	7442	7447	562	1738	617	1769	14194.	OTHER
455	7504	7511	533	1763	604	1803	withheld	OTHER
456	7512	7513	620	1736	635	1765	83	OTHER
457	7514	7515	611	1774	646	1809	09	OTHER
458	7584	7589	1336	1736	1389	1772	14194.	OTHER
459	7596	7597	1393	1733	1414	1766	83	OTHER
460	7639	7647	1758	1737	1854	1765	185653.33	OTHER
461	7688	7692	2148	1736	2192	1772	14194	OTHER
462	7694	7694	2195	1736	2201	1769	.	OTHER
463	7696	7697	2204	1736	2218	1768	8:	OTHER
464	7819	7819	1179	1757	1201	1798	6	OTHER
465	7821	7828	1208	1758	1270	1797	Medicare	OTHER
466	7830	7832	1277	1760	1300	1796	tax	OTHER
467	7838	7845	1306	1761	1387	1798	withheld	OTHER
468	7924	7931	2020	1762	2085	1800	Medicare	OTHER
469	7933	7935	2092	1762	2113	1797	tax	OTHER
470	7937	7944	2120	1763	2197	1798	withheld	OTHER
471	7952	7957	153	1773	213	1804	223589	OTHER
472	7959	7962	217	1769	252	1800	ages	OTHER
473	7964	7966	255	1766	284	1798	and	OTHER
474	7968	7971	287	1760	325	1795	tips	OTHER
475	8035	8041	913	1773	969	1802	edleare	OTHER
476	8043	8047	973	1770	1019	1801	wages	OTHER
477	8049	8051	1023	1766	1052	1798	and	OTHER
478	8053	8056	1056	1762	1088	1796	tips	OTHER
479	8135	8141	1727	1773	1781	1801	edlegge	OTHER
480	8143	8147	1785	1770	1834	1801	gages	OTHER
481	8149	8151	1838	1768	1863	1798	and	OTHER
482	8153	8156	1867	1762	1906	1796	tips	OTHER
483	8158	8158	98	1817	117	1847	9	OTHER
484	8160	8166	131	1812	183	1844	Control	OTHER
485	8168	8171	187	1811	233	1838	numb	OTHER
486	8173	8177	306	1811	359	1845	Dept.	OTHER
487	8221	8228	615	1809	679	1838	Employer	OTHER
488	8230	8232	684	1809	709	1839	use	OTHER
489	8234	8237	713	1810	754	1843	only	OTHER
490	8270	8273	1100	1815	1147	1846	Dept	OTHER
491	8274	8278	1180	1809	1223	1840	Corp.	OTHER
492	8303	8310	1388	1807	1453	1837	Employer	OTHER
493	8312	8314	1457	1808	1482	1837	use	OTHER
494	8316	8319	1486	1807	1529	1837	only	OTHER
495	8369	8373	1913	1814	1963	1842	Dept.	OTHER
496	8404	8411	2201	1809	2266	1839	Employer	OTHER
497	8413	8415	2270	1811	2294	1841	use	OTHER
498	8417	8420	2298	1813	2338	1846	only	OTHER
499	8422	8423	2344	1818	2370	1851	36	OTHER
500	8425	8425	99	1837	117	1868	1	OTHER
501	8427	8436	135	1842	215	1877	Employer's	OTHER
502	8438	8441	219	1848	257	1880	name	OTHER
503	8443	8443	261	1850	266	1880	,	OTHER
504	8445	8451	270	1850	324	1880	address	OTHER
505	8453	8453	327	1849	333	1880	,	OTHER
506	8455	8457	336	1848	366	1880	and	OTHER
507	8459	8461	369	1846	395	1879	ZIP	OTHER
508	8463	8466	398	1842	440	1877	code	OTHER
509	8508	8514	898	1812	952	1843	Control	OTHER
510	8516	8521	955	1807	1026	1836	number	OTHER
511	8606	8616	865	1838	983	1877	*Employer's	OTHER
512	8619	8622	987	1847	1024	1878	name	OTHER
513	8624	8624	1028	1848	1034	1878	,	OTHER
514	8626	8632	1037	1849	1094	1879	address	OTHER
515	8634	8634	1097	1849	1103	1878	,	OTHER
516	8636	8638	1106	1848	1135	1878	and	OTHER
517	8640	8642	1138	1847	1163	1877	ZIP	OTHER
518	8644	8647	1166	1844	1215	1876	code	OTHER
519	8707	8708	1691	1819	1711	1849	as	OTHER
520	8710	8716	1714	1812	1765	1845	control	OTHER
521	8718	8723	1769	1806	1834	1838	number	OTHER
522	8909	8921	1682	1833	1797	1873	195438lover's	OTHER
523	8923	8927	1800	1844	1847	1876	name,	OTHER
524	8929	8936	1850	1847	1916	1878	address,	OTHER
525	8938	8940	1919	1849	1947	1878	and	OTHER
526	8942	8944	1949	1849	1976	1877	ZIP	OTHER
527	8946	8949	1978	1848	2012	1877	code	OTHER
528	8958	8962	151	1872	224	1904	Dixon	OTHER
529	8964	8966	231	1875	279	1904	LLC	OTHER
530	8968	8972	284	1873	356	1904	Group	OTHER
531	9044	9048	945	1875	1015	1904	Dixon	OTHER
532	9050	9052	1025	1877	1068	1905	LLC	OTHER
533	9054	9058	1076	1877	1147	1905	Group	OTHER
534	9144	9148	1759	1875	1831	1907	Dixon	OTHER
535	9150	9152	1838	1875	1885	1904	LLC	OTHER
536	9154	9158	1889	1875	1959	1903	Group	OTHER
537	9168	9170	155	1904	197	1935	773	OTHER
538	9172	9177	202	1904	290	1936	Miller	OTHER
539	9179	9183	296	1904	370	1937	Wells	OTHER
540	9185	9189	376	1906	448	1938	Suite	OTHER
541	9191	9193	456	1909	499	1938	955	OTHER
542	9253	9255	948	1905	991	1935	773	OTHER
543	9257	9262	995	1904	1083	1937	Miller	OTHER
544	9264	9268	1088	1904	1160	1938	Wells	OTHER
545	9270	9274	1168	1906	1238	1939	Suite	OTHER
546	9276	9278	1247	1910	1288	1938	955	OTHER
547	9352	9354	1760	1906	1805	1936	773	OTHER
548	9356	9361	1809	1905	1896	1937	Miller	OTHER
549	9363	9367	1901	1905	1974	1937	Wells	OTHER
550	9369	9373	1982	1906	2051	1938	Suite	OTHER
551	9375	9377	2061	1909	2104	1938	955	OTHER
552	9387	9390	153	1931	215	1964	West	OTHER
553	9392	9404	221	1932	398	1964	Jonathanshire	OTHER
554	9406	9407	414	1932	450	1964	CT	OTHER
555	9409	9418	469	1931	600	1963	44169-8232	OTHER
556	9473	9476	949	1934	1007	1964	Nest	OTHER
557	9478	9490	1013	1933	1188	1964	Jonathanshire	OTHER
558	9492	9493	1207	1933	1240	1964	CT	OTHER
559	9495	9504	1260	1932	1395	1964	44169-8232	OTHER
560	9572	9575	1759	1933	1820	1964	West	OTHER
561	9577	9589	1826	1933	2001	1965	Jonathanshire	OTHER
562	9591	9592	2020	1933	2055	1964	CT	OTHER
563	9594	9603	2073	1931	2211	1964	44169-8232	OTHER
564	9610	9619	135	1997	215	2027	Employer's	OTHER
565	9621	9623	221	2000	252	2028	FED	OTHER
566	9625	9626	257	2000	270	2028	ID	OTHER
567	9628	9633	275	2001	328	2029	number	OTHER
568	9646	9655	435	1999	520	2032	Employee's	OTHER
569	9657	9659	525	1999	556	2031	SSA	OTHER
570	9661	9666	560	1999	612	2030	number	OTHER
571	9728	9729	1169	1998	1202	2033	Ta	OTHER
572	9731	9740	1208	1997	1293	2032	Employee's	OTHER
573	9742	9744	1299	1998	1328	2030	SSA	OTHER
574	9746	9751	1334	1999	1391	2030	number	OTHER
575	9793	9802	1715	1997	1797	2028	Employer's	OTHER
576	9993	10002	152	2014	257	2049	30-5841370	OTHER
577	10005	10007	1802	1999	1831	2029	FED	OTHER
578	10009	10010	1836	2000	1853	2029	ID	OTHER
579	10012	10017	1857	2000	1924	2031	number	OTHER
580	10028	10028	1991	1999	2013	2032	a	OTHER
581	10030	10039	2022	1999	2108	2032	Employee's	OTHER
582	10041	10043	2112	1998	2141	2030	SSA	OTHER
583	10045	10050	2146	1997	2209	2029	number	OTHER
584	10056	10065	943	2013	1055	2046	30-5841370	OTHER
585	10142	10151	1756	2018	1864	2045	30-5841370	OTHER
586	10157	10161	133	2065	178	2098	sofie	OTHER
587	10163	10168	181	2067	241	2098	seguny	OTHER
588	10170	10173	244	2065	270	2096	tips	OTHER
589	10194	10194	1178	2053	1201	2088	8	OTHER
590	10196	10204	435	2056	501	2088	Allocated	OTHER
591	10206	10209	507	2058	550	2088	tips	OTHER
592	10240	10245	902	2061	946	2093	Social	OTHER
593	10247	10254	950	2063	1007	2096	security	OTHER
594	10256	10259	1010	2066	1039	2098	figs	OTHER
595	10280	10288	1210	2055	1275	2088	Allocated	OTHER
596	10290	10293	1281	2057	1325	2087	tips	OTHER
597	10340	10345	1716	2059	1760	2091	Social	OTHER
598	10347	10354	1764	2063	1821	2094	security	OTHER
599	10356	10359	1824	2067	1849	2095	tips	OTHER
600	10379	10387	2023	2057	2089	2088	Allocated	OTHER
601	10389	10392	2094	2056	2136	2087	tips	OTHER
602	10452	10457	561	2078	617	2102	223589	OTHER
603	10459	10459	620	2076	625	2101	.	OTHER
604	10461	10462	628	2071	649	2099	25	OTHER
605	10537	10542	2148	2078	2203	2103	223589	OTHER
606	10544	10546	1393	2072	1424	2103	.25	OTHER
607	10635	10640	1334	2078	1389	2105	223589	OTHER
608	10642	10643	2207	2077	2226	2103	.2	OTHER
609	10648	10659	133	2116	215	2146	Verification	OTHER
610	10661	10664	220	2116	263	2144	Code	OTHER
611	10686	10687	408	2117	434	2149	10	OTHER
612	10689	10697	440	2118	518	2149	Dependent	OTHER
613	10699	10702	523	2118	554	2147	care	OTHER
614	10703	10705	1336	2132	1377	2164	197	OTHER
615	10767	10773	558	2117	610	2145	benefit	OTHER
616	10794	10805	902	2116	985	2148	Verification	OTHER
617	10807	10810	989	2116	1026	2148	Code	OTHER
618	10831	10832	1179	2114	1208	2147	10	OTHER
619	10834	10842	1212	2116	1293	2148	Dependent	OTHER
620	10844	10847	1298	2118	1329	2148	care	OTHER
621	10849	10856	1333	2118	1387	2147	benefits	OTHER
622	10894	10905	1715	2118	1797	2148	Verification	OTHER
623	10907	10910	1802	2119	1834	2147	Code	OTHER
624	10931	10932	1992	2115	2021	2146	10	OTHER
625	10934	10942	2026	2116	2106	2148	Dependent	OTHER
626	10944	10947	2110	2118	2141	2148	care	OTHER
627	10949	10955	2146	2117	2197	2147	benefit	OTHER
628	11099	11101	563	2133	601	2161	197	OTHER
629	11104	11105	100	2177	125	2203	11	OTHER
630	11107	11118	137	2178	230	2205	Nonqualified	OTHER
631	11120	11124	234	2177	282	2205	plans	OTHER
632	11145	11146	414	2176	435	2207	za	OTHER
633	11148	11150	440	2176	465	2206	See	OTHER
634	11152	11163	470	2176	557	2206	instructions	OTHER
635	11165	11167	563	2176	581	2205	for	OTHER
636	11169	11171	587	2176	614	2204	box	OTHER
637	11173	11174	619	2175	638	2204	12	OTHER
638	11190	11201	905	2176	996	2205	Nonqualified	OTHER
639	11203	11207	1001	2175	1048	2205	plans	OTHER
640	11228	11230	1180	2176	1209	2207	12a	OTHER
641	11232	11234	1214	2176	1239	2207	See	OTHER
642	11236	11247	1243	2176	1332	2207	instructions	OTHER
643	11249	11251	1336	2176	1356	2206	for	OTHER
644	11253	11255	1360	2175	1390	2205	box	OTHER
645	11257	11258	1393	2175	1414	2204	12	OTHER
646	11289	11300	1717	2176	1810	2206	Nonqualified	OTHER
647	11302	11306	1815	2176	1868	2206	plans	OTHER
648	11331	11331	2008	2178	2022	2208	a	OTHER
649	11333	11335	2027	2177	2050	2207	See	OTHER
650	11337	11348	2055	2175	2145	2207	instructions	OTHER
651	11350	11352	2149	2175	2168	2206	for	OTHER
652	11354	11356	2171	2175	2202	2206	box	OTHER
653	11358	11359	2205	2174	2226	2206	12	OTHER
654	11365	11368	143	2231	176	2255	Othe	OTHER
655	11402	11404	406	2241	445	2274	720	OTHER
656	11444	11445	868	2233	891	2259	14	OTHER
657	11447	11450	910	2232	942	2256	Othe	OTHER
658	11547	11550	1725	2233	1754	2253	Othe	OTHER
659	11605	11605	1315	2249	1330	2280	1	OTHER
660	11607	11609	2145	2221	2192	2262	584	OTHER
661	11755	11755	2126	2227	2141	2264	1	OTHER
662	11757	11759	1335	2248	1376	2279	740	OTHER
663	11796	11797	404	2302	415	2336	15	OTHER
664	11799	11802	419	2301	442	2336	Stat	OTHER
665	11804	11807	447	2299	475	2335	emp.	OTHER
666	11809	11812	481	2298	502	2334	Ret.	OTHER
667	11814	11817	508	2296	552	2333	Plan	OTHER
668	11819	11821	560	2294	576	2332	ard	OTHER
669	11823	11828	583	2292	610	2331	partly	OTHER
670	11830	11833	617	2290	640	2329	sick	OTHER
671	11835	11837	646	2288	676	2328	pay	OTHER
672	11890	11890	1211	2300	1214	2338	J	OTHER
673	11892	11894	1221	2299	1248	2337	emp	OTHER
674	11896	11899	1255	2298	1275	2336	Ret.	OTHER
675	11901	11904	1282	2296	1326	2336	Plan	OTHER
676	11906	11908	1334	2296	1348	2333	ard	OTHER
677	11910	11914	1356	2294	1385	2332	party	OTHER
678	11916	11919	1392	2293	1412	2331	sick	OTHER
679	11921	11923	1419	2291	1447	2329	pay	OTHER
680	11985	11986	1990	2285	2001	2324	18	OTHER
681	11988	11991	2008	2286	2027	2326	stat	OTHER
682	11993	11995	2034	2287	2060	2327	emp	OTHER
683	11997	12000	2067	2288	2088	2327	Ret.	OTHER
684	12002	12005	2095	2289	2140	2328	Plan	OTHER
685	12007	12009	2147	2290	2163	2328	ard	OTHER
686	12011	12015	2170	2290	2196	2327	party	OTHER
687	12017	12020	2203	2290	2225	2326	sick	OTHER
688	12022	12024	2232	2290	2258	2325	pay	OTHER
689	12026	12028	98	2335	128	2362	eff	OTHER
690	12030	12038	133	2336	215	2367	Employees	OTHER
691	12040	12044	219	2338	264	2367	name.	OTHER
692	12046	12052	268	2335	328	2367	address	OTHER
693	12054	12056	332	2333	360	2366	and	OTHER
694	12058	12060	364	2331	390	2364	ZIP	OTHER
695	12062	12065	394	2326	439	2363	code	OTHER
696	12109	12111	866	2335	897	2364	eff	OTHER
697	12113	12121	902	2336	982	2366	Employees	OTHER
698	12123	12126	986	2337	1023	2366	name	OTHER
699	12128	12128	1027	2337	1032	2366	.	OTHER
700	12130	12136	1036	2336	1097	2366	address	OTHER
701	12138	12140	1100	2334	1129	2365	and	OTHER
702	12142	12144	1132	2333	1158	2364	ZIP	OTHER
703	12146	12149	1161	2331	1201	2362	code	OTHER
704	12209	12211	1679	2336	1711	2365	elf	OTHER
705	12213	12221	1714	2336	1796	2367	Employees	OTHER
706	12223	12227	1800	2337	1847	2367	name.	OTHER
707	12229	12235	1850	2335	1910	2366	address	OTHER
708	12237	12239	1914	2334	1942	2365	and	OTHER
709	12241	12243	1945	2333	1969	2364	ZIP	OTHER
710	12245	12248	1973	2330	2018	2363	code	OTHER
711	12256	12262	151	2381	251	2409	Michael	OTHER
712	12264	12270	272	2379	368	2408	Spencer	OTHER
713	12342	12348	944	2379	1046	2410	Michael	OTHER
714	12350	12356	1065	2379	1163	2407	Spencer	OTHER
715	12442	12448	1757	2379	1859	2408	Michael	OTHER
716	12450	12456	1877	2380	1977	2408	Spencer	OTHER
717	12464	12468	154	2407	225	2437	14193	OTHER
718	12470	12476	230	2407	330	2435	Richard	OTHER
719	12478	12481	335	2407	391	2433	Camp	OTHER
720	12552	12556	949	2407	1018	2437	14193	OTHER
721	12558	12564	1023	2407	1123	2434	Richard	OTHER
722	12566	12569	1128	2407	1188	2434	Camp	OTHER
723	12651	12655	1761	2405	1832	2439	14193	OTHER
724	12657	12663	1837	2405	1936	2436	Richard	OTHER
725	12665	12668	1941	2406	2004	2439	Camp	OTHER
726	12676	12679	153	2434	214	2467	Port	OTHER
727	12681	12685	220	2433	291	2466	Terry	OTHER
728	12687	12688	309	2433	346	2464	WV	OTHER
729	12690	12694	375	2433	435	2463	38332	OTHER
730	12696	12700	440	2434	506	2463	-8400	OTHER
731	12762	12765	946	2435	1006	2467	Port	OTHER
732	12767	12771	1012	2434	1084	2465	Terry	OTHER
733	12773	12774	1101	2433	1137	2464	WV	OTHER
734	12776	12785	1169	2432	1306	2463	38332-8400	OTHER
735	12863	12866	1759	2434	1819	2466	Port	OTHER
736	12868	12872	1825	2433	1897	2465	Terry	OTHER
737	12874	12875	1914	2433	1951	2464	WV	OTHER
738	12877	12881	1981	2433	2040	2464	38332	OTHER
739	12883	12887	2045	2433	2116	2463	-8400	OTHER
740	12890	12890	1383	2508	1388	2538	5	OTHER
741	12892	12896	137	2501	184	2531	State	OTHER
742	12898	12907	228	2501	303	2536	Emblovers'	OTHER
743	12909	12913	308	2499	340	2531	state	OTHER
744	12915	12916	344	2498	359	2529	ID	OTHER
745	12918	12920	363	2497	400	2529	no.	OTHER
746	12922	12923	405	2497	433	2528	16	OTHER
747	12925	12929	445	2498	480	2529	State	OTHER
748	12931	12935	486	2499	528	2531	wades	OTHER
749	12937	12937	533	2501	537	2532	.	OTHER
750	12939	12942	543	2502	564	2534	tips	OTHER
751	12944	12944	569	2504	575	2534	:	OTHER
752	12946	12947	581	2505	596	2536	86	OTHER
753	12949	12950	602	2507	615	2538	05	OTHER
754	12952	12952	621	2509	625	2539	.	OTHER
755	12954	12955	630	2510	653	2542	37	OTHER
756	12973	12974	867	2500	890	2525	15	OTHER
757	12976	12980	906	2502	950	2534	State	OTHER
758	12991	13000	1021	2498	1097	2533	Emplovers'	OTHER
759	13002	13006	1102	2497	1132	2529	state	OTHER
760	13008	13009	1137	2497	1150	2528	ID	OTHER
761	13011	13012	1155	2496	1175	2528	no	OTHER
762	13014	13015	1180	2496	1208	2528	16	OTHER
763	13017	13021	1219	2497	1254	2529	State	OTHER
764	13023	13027	1259	2498	1303	2532	wades	OTHER
765	13029	13029	1308	2501	1310	2532	.	OTHER
766	13031	13034	1316	2501	1338	2534	tips	OTHER
767	13036	13036	1343	2504	1361	2535	.	OTHER
768	13038	13038	1366	2506	1368	2536	6	OTHER
769	13040	13040	1374	2507	1378	2537	0	OTHER
770	13042	13042	2197	2507	2202	2539	5	OTHER
771	13044	13044	1393	2509	1397	2539	.	OTHER
772	13046	13047	1403	2510	1420	2541	37	OTHER
773	13072	13073	1679	2498	1707	2527	15	OTHER
774	13075	13079	1718	2499	1767	2533	State	OTHER
775	13091	13100	1835	2497	1910	2534	Emplovers'	OTHER
776	13102	13106	1915	2496	1944	2530	state	OTHER
777	13108	13109	1949	2496	1965	2529	10	OTHER
778	13111	13112	1970	2496	1987	2529	no	OTHER
779	13114	13115	1992	2495	2022	2529	16	OTHER
780	13117	13121	2031	2496	2067	2530	state	OTHER
781	13123	13127	2072	2497	2116	2532	wades	OTHER
782	13129	13129	2121	2500	2124	2533	.	OTHER
783	13131	13134	2129	2501	2163	2536	tips	OTHER
784	13136	13136	2168	2504	2173	2536	#	OTHER
785	13138	13138	2178	2505	2183	2537	6	OTHER
786	13140	13140	2189	2506	2191	2538	0	OTHER
787	13144	13144	2207	2508	2210	2540	.	OTHER
788	13146	13147	2215	2509	2234	2542	37	OTHER
789	13150	13150	108	2557	123	2581	7	OTHER
790	13152	13156	142	2559	180	2584	State	OTHER
791	13158	13163	182	2557	238	2584	income	OTHER
792	13165	13167	240	2554	265	2582	tax	OTHER
793	13190	13191	407	2555	434	2585	18	OTHER
794	13193	13197	443	2555	482	2586	Local	OTHER
795	13199	13203	487	2556	530	2586	wages	OTHER
796	13205	13205	535	2558	538	2586	.	OTHER
797	13207	13210	543	2558	568	2587	tips	OTHER
798	13212	13212	573	2560	576	2587	,	OTHER
799	13214	13217	581	2561	624	2589	etc.	OTHER
800	13273	13274	1178	2553	1209	2586	18	OTHER
801	13276	13280	1216	2554	1256	2586	Local	OTHER
802	13282	13286	1260	2555	1305	2587	wanes	OTHER
803	13288	13288	1309	2557	1313	2587	.	OTHER
804	13290	13293	1317	2557	1341	2588	tips	OTHER
805	13295	13295	1345	2559	1349	2588	,	OTHER
806	13297	13299	1353	2559	1373	2589	etc	OTHER
807	13301	13301	1376	2561	1383	2589	.	OTHER
808	13338	13341	150	1498	190	1525	5328	box17StateIncomeTax
809	13343	13343	190	2573	198	2598	.	OTHER
810	13345	13346	199	2571	231	2598	48	OTHER
811	13377	13378	1993	2554	2020	2585	18	OTHER
812	13380	13384	2030	2554	2069	2586	Local	OTHER
813	13386	13390	2074	2555	2119	2587	wanes	OTHER
814	13392	13392	2123	2557	2127	2588	,	OTHER
815	13394	13397	2131	2558	2154	2589	tips	OTHER
816	13399	13399	2158	2560	2164	2589	,	OTHER
817	13401	13404	2168	2561	2211	2591	etc.	OTHER
818	13410	13413	1757	2571	1796	2598	5328	OTHER
819	13415	13415	984	2575	991	2597	.	OTHER
820	13417	13418	992	2574	1022	2598	48	OTHER
821	13495	13498	150	2574	189	2601	5328	OTHER
822	13500	13500	1798	2573	1804	2598	.	OTHER
823	13502	13503	1805	2573	1830	2599	48	OTHER
824	13506	13507	100	2615	127	2644	19	OTHER
825	13509	13513	151	2625	206	2656	38116	OTHER
826	13520	13520	141	2613	157	2642	L	OTHER
827	13522	13523	211	2622	238	2653	94	OTHER
828	13525	13527	243	2620	261	2650	tax	OTHER
829	13559	13560	409	2616	431	2642	20	OTHER
830	13562	13569	443	2616	502	2643	Locality	OTHER
831	13571	13574	505	2617	556	2645	name	OTHER
832	13608	13612	945	2627	991	2655	38116	OTHER
833	13614	13614	993	2630	1001	2655	.	OTHER
834	13616	13617	1003	2629	1023	2655	94	OTHER
835	13639	13640	1180	2613	1206	2641	20	OTHER
836	13642	13649	1216	2614	1276	2644	Locality	OTHER
837	13651	13654	1279	2616	1332	2646	name	OTHER
838	13699	13700	1681	2614	1707	2643	19	OTHER
839	13702	13706	1721	2618	1762	2647	Local	OTHER
840	13708	13713	1765	2621	1828	2650	income	OTHER
841	13715	13715	1830	2625	1842	2650	a	OTHER
842	13744	13751	2028	2614	2088	2647	Locality	OTHER
843	13753	13756	2091	2619	2143	2651	name	OTHER
844	13758	13763	2146	2625	2211	2657	Hansen	OTHER
845	13765	13769	2214	2632	2263	2661	cliff	OTHER
846	13833	13838	565	2633	623	2657	Iansen	OTHER
847	13840	13844	628	2633	676	2657	Cliff	OTHER
848	13909	13914	1333	2631	1397	2660	Hansen	OTHER
849	13916	13920	1400	2633	1457	2660	Cliff	OTHER
850	13940	13946	230	2677	315	2705	Federal	OTHER
851	13966	13971	417	2681	468	2705	Filing	OTHER
852	13987	13990	592	2677	642	2702	Copy	OTHER
853	14026	14027	1015	2674	1042	2705	NV	OTHER
854	14029	14034	1045	2673	1113	2710	.State	OTHER
855	14048	14053	1189	2683	1238	2705	Filing	OTHER
856	14064	14067	1368	2675	1415	2702	Copy	OTHER
857	14124	14127	1811	2675	1850	2705	City	OTHER
858	14129	14130	1854	2675	1877	2705	or	OTHER
859	14132	14136	1881	2675	1946	2713	Local	OTHER
860	14138	14143	2002	2679	2055	2708	Filing	OTHER
861	14163	14166	2179	2676	2229	2701	Copy	OTHER
862	14199	14202	325	2706	388	2734	Wage	OTHER
863	14204	14206	426	2702	468	2725	and	OTHER
864	14208	14210	504	2706	537	2728	Tax	OTHER
865	14291	14293	1198	2700	1240	2729	and	OTHER
866	14295	14297	1278	2703	1308	2727	Tax	OTHER
867	14380	14383	1921	2704	1984	2734	Wage	OTHER
868	14385	14387	2010	2702	2052	2732	and	OTHER
869	14389	14391	2090	2702	2127	2726	Tax	OTHER
870	14424	14432	319	2731	417	2756	Statement	OTHER
871	14455	14458	582	2742	668	2774	2018	OTHER
872	14476	14478	106	2742	174	2771	W-2	OTHER
873	14534	14537	1359	2740	1444	2772	2018	OTHER
874	14578	14580	1687	2742	1753	2773	W-2	OTHER
875	14604	14612	1911	2729	2010	2753	Statement	OTHER
876	14632	14635	2167	2742	2253	2774	2018	OTHER
877	14638	14640	874	2744	943	2771	W-2	OTHER
878	14642	14645	99	2779	132	2806	Copy	OTHER
879	14647	14647	136	2780	148	2806	B	OTHER
880	14649	14650	152	2780	164	2807	to	OTHER
881	14652	14653	168	2780	185	2807	be	OTHER
882	14655	14659	189	2780	218	2807	filed	OTHER
883	14661	14664	223	2781	250	2807	with	OTHER
884	14666	14675	255	2781	329	2807	employee's	OTHER
885	14677	14683	334	2781	386	2806	Federal	OTHER
886	14685	14690	391	2781	440	2805	Income	OTHER
887	14692	14694	445	2780	469	2804	Tax	OTHER
888	14696	14701	473	2779	520	2804	Return	OTHER
889	14703	14705	562	2779	596	2810	OMB	OTHER
890	14707	14709	600	2778	625	2806	No.	OTHER
891	14711	14719	629	2778	708	2805	1545-0008	OTHER
892	14725	14728	867	2779	902	2807	Copy	OTHER
893	14730	14730	1719	2778	1726	2805	2	OTHER
894	14732	14733	918	2778	930	2805	to	OTHER
895	14735	14736	935	2778	952	2806	be	OTHER
896	14738	14742	957	2779	985	2807	filed	OTHER
897	14744	14744	990	2780	998	2808	w	OTHER
898	14750	14754	1062	2780	1097	2807	yee's	OTHER
899	14756	14760	1101	2780	1135	2806	State	OTHER
900	14762	14767	1139	2779	1191	2806	Income	OTHER
901	14769	14771	1196	2779	1219	2805	Tax	OTHER
902	14773	14778	1224	2779	1268	2804	Return	OTHER
903	14780	14782	1334	2777	1369	2809	OME	OTHER
904	14784	14786	1373	2775	1399	2805	No.	OTHER
905	14788	14796	1403	2775	1473	2807	1545-0008	OTHER
906	14825	14828	1680	2778	1714	2805	Copy	OTHER
907	14832	14833	1731	2778	1742	2806	to	OTHER
908	14835	14836	1747	2779	1764	2806	be	OTHER
909	14838	14842	1769	2779	1797	2807	filed	OTHER
910	14844	14847	1802	2780	1831	2807	with	OTHER
911	14860	14861	1987	2782	1998	2804	al	OTHER
912	14863	14868	2001	2781	2055	2806	Income	OTHER
913	14870	14872	2058	2781	2084	2807	Tax	OTHER
914	14874	14879	2086	2780	2139	2807	Return	OTHER
915	14881	14883	2148	2779	2185	2808	OMB	OTHER
916	14885	14887	2187	2779	2214	2808	No.	OTHER
917	14889	14897	2217	2777	2297	2807	1545-0008	OTHER
