	106	109	1035	253	1156	305	2018	OTHER
0	129	131	1171	254	1276	306	W-2	OTHER
1	144	146	1287	255	1389	307	and	OTHER
2	162	169	1401	255	1691	307	EARNINGS	OTHER
3	191	197	1709	253	1995	306	SUMMARY	OTHER
4	254	256	2225	245	2311	291	ADP	OTHER
5	276	283	222	317	319	344	Employee	OTHER
6	296	304	393	313	498	346	Reference	OTHER
7	310	313	592	316	643	342	Copy	OTHER
8	356	358	964	314	1006	344	his	OTHER
9	360	363	1010	314	1071	343	blue	OTHER
10	365	372	1076	314	1196	343	Earnings	OTHER
11	374	380	1201	314	1329	342	Summary	OTHER
12	382	388	1334	314	1430	342	section	OTHER
13	390	391	1435	314	1459	342	is	OTHER
14	393	400	1464	314	1578	342	included	OTHER
15	402	405	1583	314	1638	342	with	OTHER
16	407	410	1643	314	1705	342	your	OTHER
17	412	414	1710	314	1767	342	W-2	OTHER
18	416	417	1772	314	1800	343	to	OTHER
19	419	422	1805	313	1863	343	help	OTHER
20	424	431	1874	313	1985	344	describe	OTHER
21	433	440	1990	313	2096	344	portions	OTHER
22	442	443	2102	313	2127	345	in	OTHER
23	445	448	2133	312	2204	346	more	OTHER
24	450	456	2214	312	2287	346	detail.	OTHER
25	488	491	329	351	385	376	Wage	OTHER
26	493	495	428	346	465	370	and	OTHER
27	497	499	507	345	545	372	Tax	OTHER
28	555	556	965	343	999	370	he	OTHER
29	558	564	1006	343	1107	370	reverse	OTHER
30	566	569	1113	343	1171	370	side	OTHER
31	571	578	1176	343	1288	370	includes	OTHER
32	580	586	1293	343	1394	370	general	OTHER
33	588	598	1399	343	1548	370	information	OTHER
34	600	603	1554	343	1607	370	that	OTHER
35	605	607	1611	343	1660	370	you	OTHER
36	609	611	1667	343	1726	370	may	OTHER
37	613	616	1732	343	1787	370	also	OTHER
38	618	621	1793	343	1844	370	find	OTHER
39	623	630	1848	343	1946	370	helpful.	OTHER
40	635	637	114	380	170	417	N-2	OTHER
41	662	670	324	371	404	396	Statement	OTHER
42	680	683	583	386	666	418	2018	taxYear
43	686	689	99	432	134	458	Copy	OTHER
44	691	691	137	432	148	456	C	OTHER
45	693	695	151	431	172	455	for	OTHER
46	697	706	174	431	251	455	employee's	OTHER
47	708	715	253	432	320	460	records.	OTHER
48	732	734	564	422	596	448	DMB	OTHER
49	736	738	599	422	625	448	No.	OTHER
50	740	748	630	422	709	448	1545-0008	OTHER
51	789	790	1025	425	1048	455	1.	OTHER
52	792	794	1052	425	1096	455	The	OTHER
53	796	804	1100	425	1211	455	following	OTHER
54	806	816	1215	424	1354	455	information	OTHER
55	818	825	1358	424	1448	455	reflects	OTHER
56	827	830	1452	424	1507	455	your	OTHER
57	832	836	1512	424	1565	455	final	OTHER
58	838	841	1569	424	1625	455	2018	OTHER
59	843	845	1629	424	1677	455	pay	OTHER
60	847	850	1681	424	1734	455	stub	OTHER
61	852	855	1739	424	1792	455	plus	OTHER
62	857	859	1796	424	1840	456	any	OTHER
63	861	871	1844	424	1992	456	adjustments	OTHER
64	873	881	1996	424	2113	456	submitted	OTHER
65	883	884	2117	425	2150	457	by	OTHER
66	886	889	2154	425	2211	457	your	OTHER
67	891	899	2215	425	2338	457	employer.	OTHER
68	901	901	98	455	116	479	d	OTHER
69	903	909	129	451	185	479	Control	OTHER
70	911	916	186	444	258	476	number	OTHER
71	927	931	306	449	339	489	Dept.	OTHER
72	935	937	342	460	379	490	150	OTHER
73	953	960	614	450	679	480	Emplover	OTHER
74	962	964	684	450	709	479	use	OTHER
75	966	969	714	452	753	484	only	OTHER
76	971	972	758	458	781	488	36	OTHER
77	975	981	98	468	175	499	8420614	OTHER
78	1021	1021	562	466	582	495	A	OTHER
79	1085	1089	1102	472	1144	499	Gross	OTHER
80	1091	1093	1148	468	1180	497	Pay	OTHER
81	1100	1107	1262	467	1327	493	192402.4	OTHER
82	1130	1130	1638	469	1644	494	1	OTHER
83	1132	1138	1648	465	1705	493	1900.39	OTHER
84	1146	1153	1834	473	1893	498	ID.State	OTHER
85	1155	1160	1897	473	1953	497	Income	OTHER
86	1162	1164	1956	471	1978	496	Tax	OTHER
87	1167	1172	2069	465	2123	496	4121.5	OTHER
88	1315	1317	1458	488	1480	515	Tax	OTHER
89	1319	1326	1484	485	1561	515	Withheld	OTHER
90	1348	1350	1839	497	1866	519	Box	OTHER
91	1352	1353	1869	498	1887	519	17	OTHER
92	1354	1359	1879	513	1936	537	Income	OTHER
93	1544	1545	1889	498	1906	519	of	OTHER
94	1547	1549	1908	499	1943	521	W-2	OTHER
95	1550	1551	1939	514	1956	537	Ta	OTHER
96	1566	1568	197	514	214	542	r's	OTHER
97	1570	1574	217	514	266	542	name,	OTHER
98	1576	1583	269	514	333	541	address,	OTHER
99	1585	1587	336	514	366	540	and	OTHER
100	1589	1591	369	513	394	540	ZIP	OTHER
101	1593	1596	397	511	446	539	code	OTHER
102	1694	1696	1458	509	1482	537	BOX	OTHER
103	1698	1698	1485	509	1496	536	4	OTHER
104	1700	1701	1499	509	1513	535	of	OTHER
105	1703	1705	1516	509	1556	536	W-2	OTHER
106	1726	1730	1835	511	1876	535	Local	OTHER
107	1746	1749	2072	511	2101	538	2801	OTHER
108	1751	1753	2106	510	2130	537	1.9	OTHER
109	1762	1774	154	535	330	565	Sawyer-Harmon	employerName
110	1776	1778	335	533	383	560	PLC	employerName
111	1928	1930	1837	532	1864	561	Box	OTHER
112	1932	1933	1868	532	1887	560	19	OTHER
113	1935	1936	1891	532	1903	560	of	OTHER
114	1938	1939	1906	533	1926	560	W-	OTHER
115	1941	1941	1929	534	1940	561	2	OTHER
116	1951	1952	167	568	199	599	00	employerAddressStreet_name
117	1954	1960	204	566	304	598	Valerie	employerAddressStreet_name
118	1962	1967	311	566	395	597	Summit	employerAddressStreet_name
119	1969	1972	399	569	462	599	Apt.	employerAddressStreet_name
120	1974	1976	466	572	515	601	981	employerAddressStreet_name
121	2055	2058	1102	568	1132	595	Fed.	OTHER
122	2060	2065	1136	568	1198	594	Income	OTHER
123	2067	2074	1257	568	1323	593	32861.78	OTHER
124	2083	2090	1454	567	1520	595	Medicare	OTHER
125	2092	2094	1524	566	1550	593	Tax	OTHER
126	2102	2108	1668	566	1730	591	3599.58	OTHER
127	2118	2121	155	594	213	623	East	employerAddressCity
128	2123	2134	218	592	380	622	Patriciaview	employerAddressCity
129	2136	2137	398	592	433	620	MN	employerAddressState
130	2139	2148	453	591	590	620	91506-2521	employerAddressZip
131	2221	2223	1100	592	1129	619	Tax	OTHER
132	2225	2232	1131	591	1198	618	Withheld	OTHER
133	2251	2258	1454	592	1530	618	Withheld	OTHER
134	2373	2375	1106	615	1129	642	Box	OTHER
135	2377	2377	1133	617	1142	643	2	OTHER
136	2379	2380	1146	618	1161	644	of	OTHER
137	2382	2384	1165	618	1194	644	W-2	OTHER
138	2400	2402	1453	612	1483	642	Box	OTHER
139	2404	2404	1486	616	1496	642	6	OTHER
140	2406	2407	1498	616	1514	643	of	OTHER
141	2409	2409	1516	616	1528	643	W	OTHER
142	2411	2411	1531	616	1535	643	-	OTHER
143	2413	2413	1538	614	1559	642	2	OTHER
144	2435	2437	1843	614	1865	640	Box	OTHER
145	2439	2440	1869	613	1887	640	14	OTHER
146	2442	2443	1890	614	1905	642	of	OTHER
147	2445	2446	1908	616	1929	645	W-	OTHER
148	2485	2489	407	682	475	712	Batch	OTHER
149	2517	2522	590	678	674	711	#02021	OTHER
150	2524	2526	99	728	128	754	eff	OTHER
151	2528	2536	133	728	216	755	Employees	OTHER
152	2538	2542	219	728	265	756	name.	OTHER
153	2544	2550	269	728	330	756	address	OTHER
154	2552	2554	334	728	361	755	and	OTHER
155	2556	2558	365	729	390	755	ZIP	OTHER
156	2560	2563	394	729	439	754	code	OTHER
157	2669	2670	1023	753	1048	782	2.	OTHER
158	2672	2675	1053	753	1111	782	Your	OTHER
159	2677	2681	1116	753	1188	782	Gross	OTHER
160	2683	2685	1193	754	1236	783	Pay	OTHER
161	2687	2689	1241	754	1290	783	was	OTHER
162	2691	2698	1295	754	1399	783	adjusted	OTHER
163	2700	2701	1404	754	1432	783	as	OTHER
164	2703	2709	1437	753	1524	783	follows	OTHER
165	2711	2712	1528	753	1554	783	to	OTHER
166	2714	2720	1558	753	1658	783	produce	OTHER
167	2722	2725	1663	752	1718	783	your	OTHER
168	2727	2729	1722	752	1772	783	W-2	OTHER
169	2731	2740	1776	751	1895	783	Statement.	OTHER
170	2755	2761	245	782	333	812	Stewart	employeeName
171	2772	2773	168	812	199	843	89	OTHER
172	2775	2779	205	812	277	843	Gomez	OTHER
173	2781	2786	283	812	369	842	Plains	OTHER
174	2788	2792	375	812	448	840	Suite	OTHER
175	2794	2796	453	812	501	839	208	OTHER
176	2907	2912	1333	817	1389	844	Wages,	OTHER
177	2914	2918	1394	816	1431	844	Tips,	OTHER
178	2920	2923	1435	814	1465	842	othe	OTHER
179	2929	2934	1582	814	1625	845	Social	OTHER
180	2936	2940	1630	813	1674	843	Secur	OTHER
181	2943	2948	1679	813	1730	841	Medica	OTHER
182	2963	2969	1840	811	1893	843	D.State	OTHER
183	2971	2975	1898	808	1943	840	Wages	OTHER
184	2977	2977	1948	807	1957	837	,	OTHER
185	2979	2986	1992	811	2058	840	Crawford	OTHER
186	2988	2992	2062	811	2102	839	Falls	OTHER
187	3003	3004	169	844	197	878	ew	OTHER
188	3006	3017	201	839	373	877	Michelleland	OTHER
189	3019	3020	385	837	425	867	VT	OTHER
190	3022	3031	479	838	614	869	87002-7686	OTHER
191	3139	3141	1334	856	1362	887	Box	OTHER
192	3143	3143	1367	859	1375	888	1	OTHER
193	3145	3146	1380	859	1394	888	of	OTHER
194	3148	3148	1399	860	1407	888	W	OTHER
195	3150	3150	1412	859	1415	887	-	OTHER
196	3152	3152	1420	859	1440	887	2	OTHER
197	3161	3165	1582	841	1644	871	Wages	OTHER
198	3166	3170	1679	829	1742	860	Wages	OTHER
199	3194	3196	1836	856	1866	886	BOX	OTHER
200	3198	3199	1870	856	1887	886	16	OTHER
201	3201	3202	1627	860	1640	892	of	OTHER
202	3204	3204	1644	860	1655	892	W	OTHER
203	3206	3206	1659	860	1661	891	-	OTHER
204	3208	3208	1665	860	1676	891	2	OTHER
205	3210	3214	1991	842	2032	869	Local	OTHER
206	3216	3221	2036	840	2093	869	Wages,	OTHER
207	3388	3390	1580	860	1608	893	Box	OTHER
208	3392	3392	1612	860	1623	892	3	OTHER
209	3394	3395	1725	860	1740	891	of	OTHER
210	3397	3397	1744	860	1754	891	W	OTHER
211	3399	3399	1759	860	1761	891	-	OTHER
212	3401	3401	1765	860	1780	891	2	OTHER
213	3403	3405	1680	860	1708	891	Box	OTHER
214	3407	3407	1712	860	1721	891	5	OTHER
215	3409	3410	1891	856	1903	888	of	OTHER
216	3412	3412	1907	858	1919	890	W	OTHER
217	3414	3414	1922	860	1926	891	-	OTHER
218	3416	3416	1930	860	1942	892	2	OTHER
219	3440	3442	1994	873	2021	902	Box	OTHER
220	3444	3445	2024	876	2043	904	18	OTHER
221	3447	3448	2047	877	2059	904	of	OTHER
222	3450	3451	2063	877	2087	904	W2	OTHER
223	3456	3465	135	905	217	931	Emplover's	OTHER
224	3467	3469	220	905	251	932	FED	OTHER
225	3471	3472	255	905	271	932	ID	OTHER
226	3474	3479	275	904	335	932	number	OTHER
227	3491	3491	405	903	427	936	a	OTHER
228	3493	3502	433	902	520	933	Employee's	OTHER
229	3504	3506	524	902	555	931	SSA	OTHER
230	3508	3513	559	904	634	937	number	OTHER
231	3521	3530	150	923	255	952	57-6393177	einEmployerIdentificationNumber
232	3572	3582	559	923	668	954	035-51-2588	ssnOfEmployee
233	3626	3631	1071	926	1139	962	TGross	OTHER
234	3633	3635	1144	926	1173	952	Pay	OTHER
235	3663	3671	1371	922	1453	953	192402.42	OTHER
236	3680	3683	1583	933	1625	960	4088	OTHER
237	3692	3699	1686	923	1747	950	192402.4	OTHER
238	3716	3723	1841	923	1901	948	192402.4	OTHER
239	3730	3735	136	963	187	989	Wages,	OTHER
240	3737	3741	190	963	224	989	tips,	OTHER
241	3743	3747	227	962	269	989	other	OTHER
242	3749	3753	271	960	320	989	comp.	OTHER
243	3766	3772	433	957	488	991	Federal	OTHER
244	3774	3779	491	959	547	993	income	OTHER
245	3781	3783	549	960	588	994	tax	OTHER
246	3870	3873	1334	940	1381	974	4088	OTHER
247	3890	3892	1579	960	1619	993	NIA	OTHER
248	3894	3896	1678	961	1714	990		OTHER
249	3925	3928	1836	947	1881	976	4088	OTHER
250	3947	3950	1993	949	2033	973	4088	OTHER
251	3957	3962	150	981	206	1010	147640	box1WagesTipsAndOtherCompensations
252	3964	3966	208	975	249	1006	.25	box1WagesTipsAndOtherCompensations
253	4008	4012	562	974	609	1004	32851	box2FederalIncomeTaxWithheld
254	4014	4014	611	974	618	1004	.	box2FederalIncomeTaxWithheld
255	4016	4017	621	974	649	1003	78	box2FederalIncomeTaxWithheld
256	4056	4059	1023	966	1057	993	Less	OTHER
257	4061	4063	1062	965	1083	991	401	OTHER
258	4065	4067	1087	964	1106	990	(k)	OTHER
259	4069	4074	1111	962	1161	989	(D-Box	OTHER
260	4076	4077	1165	961	1184	987	2)	OTHER
261	4173	4180	1992	971	2059	1005	22861.78	OTHER
262	4287	4294	1022	1000	1090	1026	Reported	OTHER
263	4296	4298	1094	999	1122	1026	W-2	OTHER
264	4300	4304	1127	994	1181	1024	Wages	OTHER
265	4327	4335	1334	987	1403	1023	327840.28	OTHER
266	4348	4356	1584	991	1663	1023	147640.25	OTHER
267	4358	4366	1680	992	1752	1023	147640.25	OTHER
268	4375	4378	153	1021	180	1047	cial	OTHER
269	4380	4387	183	1019	243	1047	security	OTHER
270	4389	4393	246	1016	297	1044	wages	OTHER
271	4409	4414	434	1017	481	1049	Social	OTHER
272	4416	4423	484	1019	542	1052	security	OTHER
273	4425	4427	546	1022	568	1052	tax	OTHER
274	4429	4436	571	1023	647	1054	withheld	OTHER
275	4445	4452	140	1089	199	1117	Medicare	OTHER
276	4454	4458	203	1088	252	1113	wages	OTHER
277	4460	4462	257	1088	284	1111	and	OTHER
278	4464	4467	288	1088	327	1110	tips	OTHER
279	4482	4489	433	1089	502	1115	Medicare	OTHER
280	4491	4493	505	1089	528	1114	tax	OTHER
281	4495	4502	531	1089	600	1115	withheld	OTHER
282	4543	4544	1023	1085	1046	1116	3.	OTHER
283	4546	4553	1052	1085	1168	1116	Employee	OTHER
284	4555	4557	1174	1085	1221	1116	W-4	OTHER
285	4559	4566	1227	1085	1313	1116	Profile.	OTHER
286	4568	4569	1318	1085	1349	1116	To	OTHER
287	4571	4576	1355	1085	1441	1116	change	OTHER
288	4578	4581	1446	1085	1500	1116	your	OTHER
289	4583	4590	1505	1086	1624	1117	Employee	OTHER
290	4592	4594	1629	1086	1675	1117	W-4	OTHER
291	4596	4602	1679	1086	1759	1117	Profile	OTHER
292	4604	4615	1762	1086	1907	1117	Information,	OTHER
293	4617	4620	1911	1086	1950	1117	file	OTHER
294	4622	4622	1953	1086	1970	1117	a	OTHER
295	4624	4626	1973	1086	2023	1117	new	OTHER
296	4628	4630	2028	1086	2076	1117	W-4	OTHER
297	4632	4635	2079	1086	2133	1118	with	OTHER
298	4637	4640	2136	1086	2192	1118	your	OTHER
299	4642	4648	2195	1086	2286	1118	payroll	OTHER
300	4650	4654	2288	1086	2359	1118	dept.	OTHER
301	4662	4667	150	1108	207	1135	124123	OTHER
302	4669	4671	209	1109	242	1135	.55	OTHER
303	4714	4717	562	1106	599	1133	3599	OTHER
304	4719	4720	602	1109	620	1135	.5	OTHER
305	4762	4762	406	1146	424	1175	8	OTHER
306	4764	4772	436	1145	503	1176	Allocated	OTHER
307	4774	4777	506	1147	547	1182	tips	OTHER
308	4922	4927	1838	1151	1878	1180	Social	OTHER
309	4929	4936	1883	1151	1937	1178	Security	OTHER
310	4938	4942	1941	1152	1991	1177	Numbe	OTHER
311	4949	4954	152	1163	206	1192	155560	OTHER
312	4956	4957	208	1161	238	1192	.6	OTHER
313	5003	5008	562	1164	617	1194	124123	OTHER
314	5010	5012	620	1165	654	1195	.55	OTHER
315	5061	5065	1106	1172	1179	1201	Jason	OTHER
316	5067	5073	1204	1170	1312	1198	Stewart	OTHER
317	5177	5183	2074	1160	2141	1191	MARRIED	OTHER
318	5188	5199	133	1208	217	1236	Verification	OTHER
319	5201	5204	221	1208	260	1233	Code	OTHER
320	5226	5226	413	1207	432	1234	0	OTHER
321	5228	5236	439	1207	521	1234	Dependent	OTHER
322	5238	5241	524	1207	556	1234	care	OTHER
323	5243	5250	559	1207	619	1234	benefits	OTHER
324	5301	5303	1103	1208	1154	1239	189	OTHER
325	5305	5309	1160	1209	1242	1240	Gomez	OTHER
326	5311	5316	1247	1210	1344	1240	Plains	OTHER
327	5318	5322	1351	1208	1430	1239	Suite	OTHER
328	5324	5326	1437	1207	1483	1237	208	OTHER
329	5384	5390	1834	1201	1906	1229	FEDERAL	OTHER
330	5392	5392	1908	1199	1926	1228	:	OTHER
331	5510	5513	1102	1250	1166	1278	East	OTHER
332	5515	5526	1176	1248	1352	1277	Patriciaview	OTHER
333	5528	5529	1377	1247	1411	1273	MN	OTHER
334	5531	5531	1439	1247	1457	1271	9	OTHER
335	5593	5597	1833	1233	1897	1267	LOCAL	OTHER
336	5602	5613	135	1265	231	1286	Nonqualified	OTHER
337	5639	5640	415	1261	436	1288	2a	OTHER
338	5642	5644	439	1262	466	1289	See	OTHER
339	5646	5657	469	1263	558	1290	instructions	OTHER
340	5659	5661	562	1263	584	1290	for	OTHER
341	5663	5665	587	1262	616	1289	box	OTHER
342	5667	5668	620	1261	637	1288	12	OTHER
343	5676	5678	153	1279	188	1304	173	OTHER
344	5680	5684	233	1265	275	1286	plans	OTHER
345	5688	5688	108	1326	121	1348	4	OTHER
346	5690	5694	142	1325	187	1349	Other	OTHER
347	5750	5752	563	1337	599	1365	672	OTHER
348	5795	5796	411	1349	440	1378	20	OTHER
349	5816	5818	564	1355	601	1383	849	OTHER
350	5861	5864	422	1386	443	1417	Stat	OTHER
351	5866	5868	447	1386	466	1418	emp	OTHER
352	5870	5870	471	1385	476	1418	.	OTHER
353	5872	5874	480	1385	498	1418	Fet	OTHER
354	5876	5876	502	1385	504	1418	.	OTHER
355	5878	5881	508	1384	547	1418	Plan	OTHER
356	5883	5885	561	1382	577	1417	ard	OTHER
357	5887	5891	580	1380	608	1415	party	OTHER
358	5893	5896	612	1378	634	1413	sick	OTHER
359	5898	5900	637	1376	665	1410	pay	OTHER
360	5903	5904	100	1429	119	1447	15	OTHER
361	5906	5910	138	1429	180	1450	State	OTHER
362	5912	5921	229	1438	338	1470	791-42-994	OTHER
363	5940	5941	406	1418	437	1451	16	OTHER
364	5943	5947	444	1419	480	1453	State	OTHER
365	5949	5953	485	1421	529	1455	wanes	OTHER
366	5955	5955	534	1423	536	1455	,	OTHER
367	5957	5960	540	1423	564	1456	tips	OTHER
368	5962	5962	568	1425	575	1456	.	OTHER
369	5964	5966	579	1425	596	1457	etc	OTHER
370	5968	5968	600	1426	624	1458	.	OTHER
371	5971	5972	100	1483	121	1507	17	OTHER
372	5974	5978	142	1485	179	1510	State	OTHER
373	5980	5985	182	1485	238	1511	income	OTHER
374	5987	5989	241	1484	271	1511	tax	OTHER
375	6011	6011	414	1482	435	1513	8	OTHER
376	6013	6017	442	1483	482	1515	Local	OTHER
377	6019	6024	486	1485	538	1518	wanes.	OTHER
378	6026	6028	542	1489	558	1520	tip	OTHER
379	6030	6035	562	1491	615	1525	948741	OTHER
380	6037	6037	618	1497	625	1526	.	OTHER
381	6039	6040	628	1498	647	1528	18	OTHER
382	6044	6045	103	1542	126	1569	19	OTHER
383	6047	6048	141	1540	158	1567	Lo	OTHER
384	6055	6059	152	1551	196	1581	28011	OTHER
385	6061	6061	200	1550	206	1580	-	OTHER
386	6063	6065	210	1547	239	1579	gge	OTHER
387	6067	6068	242	1543	260	1575	ta	OTHER
388	6092	6099	444	1541	500	1575	Locality	OTHER
389	6101	6104	505	1546	555	1580	name	OTHER
390	6106	6113	562	1550	641	1585	crawford	OTHER
391	6115	6119	646	1556	700	1586	Falls	OTHER
392	6225	6225	1023	1558	1034	1588	@	OTHER
393	6227	6230	1039	1557	1073	1588	2018	OTHER
394	6232	6234	1078	1557	1105	1586	ADP	OTHER
395	6236	6236	1110	1556	1113	1586	,	OTHER
396	6238	6240	1118	1556	1156	1585	LLC	OTHER
397	6244	6244	98	1678	118	1707	1	OTHER
398	6246	6250	133	1679	178	1707	Wanes	OTHER
399	6252	6252	183	1679	186	1706	,	OTHER
400	6254	6257	191	1678	213	1706	tips	OTHER
401	6259	6259	218	1678	223	1705	.	OTHER
402	6261	6265	228	1677	267	1705	other	OTHER
403	6267	6270	273	1674	306	1704	comp	OTHER
404	6272	6272	312	1673	320	1702	.	OTHER
405	6280	6286	433	1673	487	1705	Federal	OTHER
406	6288	6293	492	1675	547	1706	income	OTHER
407	6295	6297	551	1676	573	1707	tax	OTHER
408	6299	6302	578	1677	604	1708	with	OTHER
409	6304	6305	608	1677	629	1708	he	OTHER
410	6328	6328	866	1677	889	1707	1	OTHER
411	6330	6334	902	1676	946	1706	Wages	OTHER
412	6336	6336	952	1676	954	1704	.	OTHER
413	6338	6341	960	1676	982	1704	tips	OTHER
414	6343	6343	987	1676	992	1703	.	OTHER
415	6345	6349	997	1675	1035	1703	other	OTHER
416	6351	6354	1041	1675	1075	1703	comp	OTHER
417	6356	6356	1080	1675	1087	1703	.	OTHER
418	6363	6363	1180	1674	1203	1708	2	OTHER
419	6365	6371	1209	1675	1261	1708	Federal	OTHER
420	6373	6378	1267	1675	1320	1707	income	OTHER
421	6380	6382	1327	1675	1347	1706	tax	OTHER
422	6384	6391	1353	1672	1411	1706	withheld	OTHER
423	6426	6430	1715	1675	1760	1707	Wages	OTHER
424	6432	6432	1765	1677	1767	1707	.	OTHER
425	6434	6437	1773	1677	1796	1707	tips	OTHER
426	6439	6439	1802	1677	1806	1707	.	OTHER
427	6441	6445	1811	1675	1848	1707	other	OTHER
428	6447	6450	1854	1672	1888	1705	comp	OTHER
429	6452	6452	1894	1671	1898	1702	.	OTHER
430	6461	6467	2022	1674	2076	1705	Federal	OTHER
431	6469	6474	2081	1674	2135	1705	income	OTHER
432	6476	6478	2140	1674	2160	1705	tax	OTHER
433	6480	6486	2165	1675	2222	1707	withhel	OTHER
434	6492	6497	133	1722	180	1746	Social	OTHER
435	6499	6506	182	1721	244	1746	security	OTHER
436	6508	6512	245	1719	299	1746	wages	OTHER
437	6523	6523	404	1715	428	1755	4	OTHER
438	6525	6530	435	1715	477	1754	Social	OTHER
439	6532	6539	485	1715	540	1752	security	OTHER
440	6541	6543	547	1715	566	1748	tax	OTHER
441	6545	6552	573	1713	640	1746	withheld	OTHER
442	6574	6579	903	1719	946	1747	Social	OTHER
443	6581	6588	951	1719	1008	1746	security	OTHER
444	6590	6594	1012	1719	1066	1746	wages	OTHER
445	6609	6614	1209	1716	1254	1755	Social	OTHER
446	6616	6623	1259	1715	1314	1753	security	OTHER
447	6625	6627	1319	1714	1340	1749	tax	OTHER
448	6629	6636	1345	1710	1411	1747	withheld	OTHER
449	6671	6676	1716	1720	1759	1748	Social	OTHER
450	6679	6686	1764	1720	1823	1745	security	OTHER
451	6689	6691	1827	1720	1860	1743	wag	OTHER
452	6705	6710	2022	1717	2067	1750	Social	OTHER
453	6712	6719	2072	1717	2131	1750	security	OTHER
454	6721	6723	2135	1717	2156	1748	tax	OTHER
455	6725	6732	2161	1716	2226	1747	withheld	OTHER
456	6740	6747	152	1737	237	1765	155560.6	OTHER
457	6787	6791	562	1737	607	1770	11900	OTHER
458	6793	6793	609	1737	618	1769	.	OTHER
459	6795	6795	593	1771	604	1803	,	OTHER
460	6796	6797	619	1737	636	1768	39	OTHER
461	6798	6799	611	1774	647	1810	58	OTHER
462	6837	6844	434	1758	499	1796	Medicare	OTHER
463	6846	6848	506	1760	524	1796	tax	OTHER
464	6850	6857	532	1762	586	1801	withhell	OTHER
465	6893	6899	945	1747	1006	1772	156560.	OTHER
466	6901	6901	1009	1748	1027	1771	6	OTHER
467	6988	6995	1757	1736	1844	1765	155560.6	OTHER
468	7032	7037	2147	1739	2203	1775	11900.	OTHER
469	7042	7043	2205	1736	2220	1768	35	OTHER
470	7136	7141	913	1772	961	1801	edict2	OTHER
471	7143	7148	965	1772	1019	1801	412geg	OTHER
472	7150	7152	254	1764	282	1797	and	OTHER
473	7154	7155	1054	1766	1067	1797	ti	OTHER
474	7164	7164	1178	1758	1199	1797	6	OTHER
475	7166	7173	1206	1758	1271	1797	Medicare	OTHER
476	7175	7177	1277	1758	1299	1796	tax	OTHER
477	7179	7186	1305	1757	1386	1795	withheld	OTHER
478	7231	7238	1722	1772	1782	1801	Medicare	OTHER
479	7240	7244	199	1766	251	1800	wages	OTHER
480	7246	7248	1022	1769	1052	1800	and	OTHER
481	7250	7253	285	1759	327	1795	tips	OTHER
482	7264	7271	2020	1762	2085	1797	Medicare	OTHER
483	7273	7275	2092	1762	2112	1795	tax	OTHER
484	7280	7287	2119	1762	2195	1797	withheld	OTHER
485	7295	7298	152	1771	196	1803	Bars	OTHER
486	7300	7304	1786	1770	1834	1800	wages	OTHER
487	7306	7308	1838	1767	1865	1798	and	OTHER
488	7310	7313	1869	1761	1909	1796	tips	OTHER
489	7316	7322	130	1813	184	1843	Control	OTHER
490	7324	7329	187	1807	254	1839	number	OTHER
491	7331	7335	308	1814	357	1840	Dept.	OTHER
492	7337	7341	406	1806	445	1838	Corp.	OTHER
493	7375	7382	615	1809	678	1838	Employer	OTHER
494	7384	7386	683	1809	709	1840	use	OTHER
495	7388	7391	713	1811	753	1843	only	OTHER
496	7459	7466	1388	1808	1453	1838	Employer	OTHER
497	7468	7470	1457	1808	1482	1838	use	OTHER
498	7472	7475	1486	1807	1527	1837	only	OTHER
499	7525	7529	1912	1813	1964	1842	Dept.	OTHER
500	7556	7563	2202	1809	2266	1838	Employer	OTHER
501	7565	7567	2270	1811	2295	1841	use	OTHER
502	7569	7572	2299	1813	2338	1846	only	OTHER
503	7574	7575	2344	1818	2371	1851	36	OTHER
504	7578	7587	135	1842	216	1876	Employer's	OTHER
505	7589	7593	219	1848	266	1878	name,	OTHER
506	7595	7601	269	1849	325	1878	address	OTHER
507	7603	7603	328	1849	335	1878	,	OTHER
508	7605	7607	338	1848	367	1878	and	OTHER
509	7609	7611	369	1846	396	1876	ZIP	OTHER
510	7613	7616	398	1843	446	1875	code	OTHER
511	7662	7668	899	1813	952	1844	Control	OTHER
512	7670	7675	954	1808	1019	1838	number	OTHER
513	7761	7770	903	1842	984	1878	Employer's	OTHER
514	7772	7775	988	1848	1026	1879	name	OTHER
515	7777	7777	1029	1850	1033	1879	,	OTHER
516	7779	7785	1036	1850	1093	1879	address	OTHER
517	7787	7787	1096	1850	1102	1879	,	OTHER
518	7789	7791	1105	1849	1135	1879	and	OTHER
519	7793	7795	1138	1848	1164	1878	ZIP	OTHER
520	7797	7800	1166	1845	1215	1876	code	OTHER
521	7858	7859	1691	1819	1713	1848	42	OTHER
522	7861	7867	1716	1813	1765	1845	control	OTHER
523	7869	7874	1769	1807	1835	1838	number	OTHER
524	8056	8066	1680	1840	1798	1877	"""Employer's"	OTHER
525	8068	8072	1801	1847	1846	1879	name,	OTHER
526	8074	8081	1849	1849	1915	1879	address,	OTHER
527	8083	8085	1918	1849	1947	1877	and	OTHER
528	8087	8089	1950	1848	1976	1874	ZIP	OTHER
529	8091	8091	1979	1848	1992	1871	c	OTHER
530	8099	8111	154	1876	326	1904	Sawyer-Harmon	OTHER
531	8113	8115	335	1876	378	1904	PLC	OTHER
532	8185	8197	946	1871	1121	1905	Sawyer-Harmon	OTHER
533	8199	8201	1128	1867	1175	1903	PLC	OTHER
534	8282	8294	1759	1874	1935	1903	Sawyer-Harmon	OTHER
535	8296	8298	1940	1876	1989	1903	PLC	OTHER
536	8308	8310	153	1903	200	1934	000	OTHER
537	8312	8318	203	1903	305	1936	Valerie	OTHER
538	8320	8325	309	1905	395	1937	Summit	OTHER
539	8327	8330	399	1908	462	1937	Apt.	OTHER
540	8332	8334	467	1911	509	1936	987	OTHER
541	8393	8395	947	1906	990	1933	000	OTHER
542	8397	8403	998	1906	1094	1937	Valerie	OTHER
543	8405	8410	1103	1907	1186	1938	Summit	OTHER
544	8412	8415	1193	1908	1252	1937	Apt.	OTHER
545	8417	8419	1260	1909	1303	1936	987	OTHER
546	8490	8492	1759	1906	1804	1934	000	OTHER
547	8494	8500	1811	1905	1909	1936	Valerie	OTHER
548	8502	8507	1917	1905	2001	1936	Summit	OTHER
549	8509	8512	2005	1907	2066	1936	Apt.	OTHER
550	8514	8516	2072	1908	2118	1935	987	OTHER
551	8526	8529	156	1935	212	1966	East	OTHER
552	8531	8542	217	1932	381	1965	Patriciaview	OTHER
553	8544	8545	398	1932	434	1962	MN	OTHER
554	8547	8556	453	1931	584	1961	91506-2521	OTHER
555	8611	8614	946	1934	1005	1962	East	OTHER
556	8616	8627	1011	1933	1172	1962	Patriciaview	OTHER
557	8629	8630	1190	1932	1225	1962	MN	OTHER
558	8632	8641	1246	1931	1382	1961	91506-2521	OTHER
559	8709	8712	1759	1934	1819	1966	East	OTHER
560	8714	8725	1824	1933	1988	1965	Patriciaview	OTHER
561	8727	8728	2003	1933	2041	1962	MN	OTHER
562	8730	8739	2059	1932	2194	1962	91506-2521	OTHER
563	8747	8756	136	1999	215	2027	Employer's	OTHER
564	8758	8760	220	2000	250	2027	FED	OTHER
565	8762	8763	255	2000	272	2028	ID	OTHER
566	8765	8770	275	2000	335	2029	number	OTHER
567	8781	8790	436	1999	521	2031	Employee's	OTHER
568	8792	8794	526	1999	556	2031	SSA	OTHER
569	8796	8801	561	1999	614	2031	number	OTHER
570	8830	8839	903	1999	983	2028	Employer's	OTHER
571	8841	8843	987	1999	1019	2029	FED	OTHER
572	8845	8846	1023	2000	1040	2029	ID	OTHER
573	8848	8853	1043	2001	1099	2032	number	OTHER
574	8865	8865	1179	1997	1203	2033	a	OTHER
575	8867	8876	1209	1997	1295	2032	Employee's	OTHER
576	8878	8880	1300	1998	1327	2030	SSA	OTHER
577	8882	8887	1333	1998	1390	2030	number	OTHER
578	8925	8934	1716	1996	1797	2027	Employer's	OTHER
579	8936	8938	1801	1999	1833	2029	FED	OTHER
580	8940	8941	1836	2000	1853	2029	ID	OTHER
581	8943	8948	1856	2001	1916	2031	number	OTHER
582	8963	8963	1991	1999	2013	2031	a	OTHER
583	8965	8974	2022	1999	2108	2031	Employee's	OTHER
584	8976	8978	2112	1998	2141	2030	SSA	OTHER
585	8980	8985	2145	1997	2210	2029	number	OTHER
586	8994	9003	150	2015	259	2047	57-6393177	OTHER
587	9173	9182	1758	2018	1864	2046	57-6393177	OTHER
588	9189	9194	133	2061	178	2091	Social	OTHER
589	9196	9203	182	2062	240	2091	security	OTHER
590	9205	9208	244	2059	271	2089	tips	OTHER
591	9224	9224	406	2056	428	2089	8	OTHER
592	9226	9234	436	2056	502	2088	Allocated	OTHER
593	9236	9239	508	2058	549	2089	tips	OTHER
594	9272	9277	902	2061	946	2092	Social	OTHER
595	9279	9286	950	2063	1009	2095	security	OTHER
596	9288	9291	1012	2065	1037	2096	tips	OTHER
597	9309	9309	1179	2053	1201	2088	8	OTHER
598	9311	9319	1210	2055	1276	2088	Allocated	OTHER
599	9321	9324	1282	2057	1324	2088	tips	OTHER
600	9406	9414	2023	2056	2090	2088	Allocated	OTHER
601	9416	9419	2094	2057	2136	2088	tips	OTHER
602	9481	9486	562	2076	616	2102	124123	OTHER
603	9488	9490	619	2075	652	2101	.55	OTHER
604	9565	9570	1334	2076	1389	2105	124123	OTHER
605	9572	9572	1392	2075	1398	2102	.	OTHER
606	9574	9575	1401	2073	1422	2101	55	OTHER
607	9660	9665	2148	2074	2204	2103	124123	OTHER
608	9667	9667	2205	2074	2212	2103	.	OTHER
609	9669	9670	2214	2074	2235	2103	55	OTHER
610	9676	9687	133	2118	217	2150	Verification	OTHER
611	9689	9692	222	2122	263	2150	Code	OTHER
612	9712	9713	408	2117	432	2149	10	OTHER
613	9715	9723	438	2118	519	2149	Dependent	OTHER
614	9725	9728	524	2118	555	2148	care	OTHER
615	9730	9736	560	2117	614	2146	benefit	OTHER
616	9759	9770	901	2117	984	2148	Verification	OTHER
617	9772	9775	988	2116	1027	2147	Code	OTHER
618	9796	9797	1179	2114	1208	2148	10	OTHER
619	9799	9807	1212	2116	1294	2148	Dependent	OTHER
620	9809	9812	1298	2118	1329	2148	care	OTHER
621	9814	9821	1334	2117	1388	2147	benefits	OTHER
622	9856	9867	1715	2118	1798	2148	Verification	OTHER
623	9869	9872	1802	2118	1846	2147	Code	OTHER
624	9893	9894	1992	2115	2020	2146	10	OTHER
625	9896	9904	2027	2116	2108	2147	Dependent	OTHER
626	9906	9909	2112	2117	2143	2147	care	OTHER
627	9910	9912	1335	2132	1376	2164	136	OTHER
628	10154	10160	2147	2116	2197	2146	benefit	OTHER
629	10218	10220	2148	2131	2191	2164	136	OTHER
630	10304	10306	561	2142	600	2168	136	OTHER
631	10310	10310	106	2177	125	2203	1	OTHER
632	10312	10323	137	2178	230	2205	Nonqualified	OTHER
633	10325	10329	234	2177	281	2205	plans	OTHER
634	10349	10350	413	2176	434	2207	2a	OTHER
635	10352	10354	440	2176	465	2207	See	OTHER
636	10356	10367	470	2176	558	2206	instructions	OTHER
637	10369	10371	563	2176	583	2205	for	OTHER
638	10373	10375	588	2175	615	2205	box	OTHER
639	10377	10378	620	2175	640	2204	12	OTHER
640	10396	10407	904	2175	998	2205	Nonqualified	OTHER
641	10409	10413	1003	2175	1050	2205	plans	OTHER
642	10433	10435	1178	2175	1208	2207	12a	OTHER
643	10437	10439	1212	2176	1238	2207	See	OTHER
644	10441	10452	1242	2176	1331	2207	instructions	OTHER
645	10454	10456	1335	2176	1356	2206	for	OTHER
646	10458	10460	1359	2175	1390	2205	box	OTHER
647	10462	10463	1394	2174	1412	2204	12	OTHER
648	10490	10501	1716	2175	1811	2207	Nonqualified	OTHER
649	10503	10507	1816	2176	1867	2207	plans	OTHER
650	10532	10533	2002	2178	2022	2208	2a	OTHER
651	10535	10537	2026	2177	2052	2207	See	OTHER
652	10539	10550	2056	2175	2144	2207	instructions	OTHER
653	10552	10554	2148	2175	2169	2206	for	OTHER
654	10556	10558	2172	2175	2203	2206	box	OTHER
655	10560	10561	2206	2175	2227	2207	12	OTHER
656	10647	10648	868	2233	891	2259	14	OTHER
657	10650	10653	910	2232	943	2256	Othe	OTHER
658	10743	10743	1689	2233	1703	2256	4	OTHER
659	10745	10748	1734	2231	1764	2261	ther	OTHER
660	10803	10803	2126	2232	2144	2271	1	OTHER
661	10805	10807	2146	2225	2194	2269	302	OTHER
662	10843	10844	406	2283	417	2316	13	OTHER
663	10846	10850	421	2284	458	2319	state	OTHER
664	10928	10928	1184	2298	1188	2336	""""	OTHER
665	10930	10933	1194	2298	1215	2336	Stat	OTHER
666	10935	10937	1222	2297	1248	2336	emp	OTHER
667	10939	10941	1255	2297	1270	2336	Ret	OTHER
668	10943	10943	1275	2296	1278	2336	.	OTHER
669	10945	10948	509	2295	552	2333	Plan	OTHER
670	10950	10952	561	2294	577	2330	ard	OTHER
671	10954	10958	583	2292	610	2329	party	OTHER
672	10960	10963	617	2291	638	2328	sick	OTHER
673	10965	10967	643	2290	674	2327	pay	OTHER
674	11025	11026	1991	2286	2000	2323	13	OTHER
675	11028	11031	2007	2288	2029	2326	stat	OTHER
676	11033	11035	2036	2291	2051	2327	emp	OTHER
677	11037	11037	2058	2292	2061	2328	.	OTHER
678	11039	11041	2068	2293	2082	2329	Ret	OTHER
679	11043	11043	2087	2294	2090	2329	.	OTHER
680	11045	11048	2094	2294	2138	2329	plan	OTHER
681	11050	11052	1335	2293	1351	2334	ard	OTHER
682	11054	11058	1357	2291	1386	2332	party	OTHER
683	11060	11063	1392	2289	1414	2330	sick	OTHER
684	11065	11067	1420	2287	1446	2327	pay	OTHER
685	11108	11112	437	2300	475	2337	"""emp."	OTHER
686	11114	11117	482	2298	502	2334	Ret,	OTHER
687	11119	11122	1283	2294	1328	2336	Plan	OTHER
688	11124	11126	2147	2295	2162	2329	ard	OTHER
689	11128	11132	2169	2294	2196	2329	party	OTHER
690	11134	11137	2203	2293	2225	2327	sick	OTHER
691	11139	11141	2232	2290	2257	2325	pay	OTHER
692	11144	11146	99	2335	128	2362	elf	OTHER
693	11148	11156	133	2337	216	2366	Employees	OTHER
694	11158	11162	220	2338	265	2367	name.	OTHER
695	11164	11170	269	2335	330	2367	address	OTHER
696	11172	11174	334	2334	361	2365	and	OTHER
697	11176	11178	365	2332	391	2364	ZIP	OTHER
698	11180	11183	394	2329	439	2362	code	OTHER
699	11227	11229	867	2336	897	2364	elf	OTHER
700	11231	11239	902	2337	982	2366	Employees	OTHER
701	11241	11245	986	2337	1032	2366	name,	OTHER
702	11247	11253	1036	2335	1097	2366	address	OTHER
703	11255	11257	1101	2334	1129	2365	and	OTHER
704	11259	11261	1132	2332	1157	2363	ZIP	OTHER
705	11263	11266	1160	2330	1207	2362	code	OTHER
706	11321	11323	1679	2336	1712	2365	elf	OTHER
707	11325	11333	1716	2337	1797	2367	Employees	OTHER
708	11335	11338	1800	2336	1837	2367	name	OTHER
709	11340	11340	1841	2336	1846	2366	.	OTHER
710	11342	11348	1850	2335	1909	2366	address	OTHER
711	11350	11352	1913	2334	1942	2365	and	OTHER
712	11354	11356	1946	2333	1970	2364	ZIP	OTHER
713	11358	11361	1974	2331	2020	2363	code	OTHER
714	11370	11374	154	2383	221	2410	Jason	OTHER
715	11376	11382	245	2379	341	2408	Stewart	OTHER
716	11464	11470	1039	2378	1137	2408	Stewart	OTHER
717	11550	11554	1763	2381	1831	2412	Jason	OTHER
718	11556	11562	1851	2379	1950	2408	Stewart	OTHER
719	11571	11573	155	2407	199	2436	189	OTHER
720	11575	11579	205	2407	278	2436	Gomez	OTHER
721	11581	11586	283	2406	369	2435	Plains	OTHER
722	11588	11592	376	2406	447	2434	Suite	OTHER
723	11594	11596	454	2406	493	2432	208	OTHER
724	11657	11659	949	2408	991	2434	189	OTHER
725	11661	11665	999	2407	1068	2435	Gomez	OTHER
726	11667	11672	1076	2406	1159	2435	Plains	OTHER
727	11674	11678	1169	2405	1236	2433	Suite	OTHER
728	11680	11682	1246	2405	1289	2431	208	OTHER
729	11752	11754	1759	2408	1806	2438	189	OTHER
730	11756	11760	1812	2406	1885	2436	Gomez	OTHER
731	11762	11767	1890	2406	1975	2435	Plains	OTHER
732	11769	11773	1982	2407	2053	2435	Suite	OTHER
733	11775	11777	2060	2408	2105	2436	208	OTHER
734	11786	11788	151	2433	197	2463	New	OTHER
735	11790	11801	202	2433	369	2463	Michelleland	OTHER
736	11803	11804	388	2432	423	2460	VT	OTHER
737	11806	11815	479	2430	618	2461	87002-7686	OTHER
738	11872	11874	945	2435	990	2463	New	OTHER
739	11876	11887	996	2431	1160	2463	Michelleland	OTHER
740	11889	11890	1179	2429	1213	2461	VT	OTHER
741	11892	11896	1273	2432	1332	2462	87002	OTHER
742	11898	11898	1337	2434	1345	2462	-	OTHER
743	11900	11903	1350	2432	1410	2461	7686	OTHER
744	11966	11968	1757	2433	1802	2463	New	OTHER
745	11970	11981	1809	2430	1975	2463	Michelleland	OTHER
746	11983	11984	1992	2428	2027	2460	VT	OTHER
747	11986	11990	2084	2432	2145	2463	87002	OTHER
748	11992	11992	2151	2432	2159	2462	-	OTHER
749	11994	11997	2164	2428	2224	2462	7686	OTHER
750	12000	12001	101	2501	123	2524	15	OTHER
751	12003	12007	138	2501	184	2530	State	OTHER
752	12016	12025	230	2500	304	2533	Emplovers'	OTHER
753	12027	12031	308	2498	341	2528	state	OTHER
754	12033	12034	346	2497	358	2527	ID	OTHER
755	12036	12038	363	2496	398	2527	no.	OTHER
756	12040	12041	407	2496	432	2527	16	OTHER
757	12043	12047	446	2497	483	2528	state	OTHER
758	12049	12054	487	2498	539	2532	wades.	OTHER
759	12056	12059	543	2502	576	2534	tips	OTHER
760	12061	12063	580	2505	621	2539	ES,	OTHER
761	12083	12084	867	2500	891	2527	15	OTHER
762	12086	12090	906	2502	952	2534	State	OTHER
763	12103	12112	1022	2499	1097	2536	Emplovers'	OTHER
764	12114	12118	1102	2498	1131	2531	state	OTHER
765	12120	12121	1137	2497	1150	2529	10	OTHER
766	12123	12124	1155	2497	1175	2529	no	OTHER
767	12126	12127	1180	2497	1207	2528	16	OTHER
768	12129	12133	1217	2497	1253	2529	State	OTHER
769	12135	12139	1258	2499	1302	2531	wades	OTHER
770	12141	12141	1307	2501	1310	2532	.	OTHER
771	12143	12147	1315	2502	1347	2534	tips.	OTHER
772	12149	12151	1352	2505	1388	2537	bin	OTHER
773	12178	12179	1679	2501	1707	2528	15	OTHER
774	12181	12185	1718	2502	1766	2533	State	OTHER
775	12198	12207	1834	2498	1909	2534	Emplovers'	OTHER
776	12209	12213	1914	2497	1945	2531	state	OTHER
777	12215	12216	1950	2496	1964	2530	10	OTHER
778	12218	12219	1969	2496	1987	2530	no	OTHER
779	12221	12222	1992	2496	2022	2530	16	OTHER
780	12224	12228	2032	2497	2067	2530	State	OTHER
781	12230	12234	2072	2498	2115	2532	wanes	OTHER
782	12236	12236	2120	2501	2123	2532	.	OTHER
783	12238	12241	2128	2502	2161	2534	tips	OTHER
784	12243	12244	2166	2505	2182	2536	on	OTHER
785	12246	12246	2187	2507	2209	2538	;	OTHER
786	12249	12250	103	2556	123	2579	17	OTHER
787	12252	12256	143	2558	180	2583	State	OTHER
788	12258	12263	183	2557	240	2583	income	OTHER
789	12265	12267	241	2555	271	2583	tax	OTHER
790	12289	12289	412	2554	436	2585	8	OTHER
791	12291	12295	443	2555	483	2586	Local	OTHER
792	12297	12301	486	2556	540	2587	wanes	OTHER
793	12303	12307	543	2558	577	2588	tips.	OTHER
794	12309	12312	580	2560	626	2590	etc.	OTHER
795	12333	12334	868	2555	891	2579	17	OTHER
796	12336	12340	909	2557	948	2583	State	OTHER
797	12342	12347	950	2560	1007	2587	income	OTHER
798	12349	12350	1008	2564	1017	2587	to	OTHER
799	12372	12373	1178	2553	1210	2586	18	OTHER
800	12375	12379	1215	2553	1256	2587	Local	OTHER
801	12381	12385	1261	2556	1303	2590	wades	OTHER
802	12387	12387	1309	2559	1312	2590	.	OTHER
803	12389	12392	1317	2560	1340	2592	tips	OTHER
804	12394	12394	1345	2563	1348	2593	4	OTHER
805	12396	12397	1354	2564	1368	2595	87	OTHER
806	12399	12400	1374	2567	1389	2598	41	OTHER
807	12402	12402	2157	2558	2164	2589	.	OTHER
808	12404	12405	1993	2555	2020	2586	18	OTHER
809	12428	12429	1681	2554	1705	2580	17	OTHER
810	12431	12435	1724	2556	1760	2583	State	OTHER
811	12437	12442	1763	2558	1819	2586	income	OTHER
812	12444	12445	1821	2561	1839	2587	ta	OTHER
813	12472	12473	1402	2571	1419	2602	18	OTHER
814	12475	12479	2029	2555	2070	2586	Local	OTHER
815	12481	12486	2074	2555	2127	2588	wanes.	OTHER
816	12488	12491	2130	2557	2154	2589	tips	OTHER
817	12493	12493	1395	2570	1396	2599	.	OTHER
818	12495	12498	2167	2559	2211	2591	etc.	OTHER
819	12504	12507	151	2573	189	2602	4121	OTHER
820	12509	12511	190	2571	231	2600	.56	OTHER
821	12514	12515	100	2616	126	2643	19	OTHER
822	12517	12522	152	2626	205	2654	28011.	OTHER
823	12530	12530	142	2614	157	2641	L	OTHER
824	12532	12533	210	2622	239	2653	93	OTHER
825	12535	12537	244	2619	261	2649	tax	OTHER
826	12569	12570	409	2615	431	2642	20	OTHER
827	12572	12579	444	2615	501	2644	Locality	OTHER
828	12581	12584	505	2616	557	2646	name	OTHER
829	12617	12621	946	2627	990	2656	28011	OTHER
830	12623	12623	992	2630	999	2656	.	OTHER
831	12625	12626	1001	2629	1021	2655	93	OTHER
832	12648	12649	1180	2613	1206	2641	20	OTHER
833	12651	12658	1216	2614	1277	2644	Locality	OTHER
834	12660	12663	1280	2616	1331	2647	name	OTHER
835	12749	12756	2029	2615	2089	2647	Locality	OTHER
836	12758	12761	2092	2619	2143	2651	name	OTHER
837	12763	12770	2149	2624	2228	2657	crawford	OTHER
838	12772	12776	646	2636	693	2660	Falls	OTHER
839	12841	12848	561	2631	643	2659	crawford	OTHER
840	12850	12854	1420	2633	1475	2662	Falls	OTHER
841	12916	12923	1334	2631	1416	2661	Crawford	OTHER
842	12925	12929	2232	2631	2282	2659	Falls	OTHER
843	12950	12956	230	2677	316	2706	Federal	OTHER
844	12976	12981	417	2681	468	2705	Filing	OTHER
845	12998	13001	593	2677	643	2702	Copy	OTHER
846	13036	13043	1019	2677	1105	2708	ID.State	OTHER
847	13073	13076	1367	2676	1413	2703	Copy	OTHER
848	13129	13132	1812	2675	1851	2705	City	OTHER
849	13134	13135	1856	2675	1876	2705	or	OTHER
850	13137	13141	1880	2675	1946	2713	Local	OTHER
851	13143	13148	1189	2683	1238	2705	Filing	OTHER
852	13168	13171	2178	2677	2227	2700	Copy	OTHER
853	13299	13304	2002	2681	2053	2708	Filing	OTHER
854	13338	13341	325	2706	388	2734	Wage	OTHER
855	13343	13345	426	2702	468	2725	and	OTHER
856	13347	13349	505	2706	538	2728	Tax	OTHER
857	13429	13431	1197	2700	1239	2728	and	OTHER
858	13433	13435	1278	2702	1309	2727	Tax	OTHER
859	13514	13517	1921	2705	1984	2734	Wage	OTHER
860	13519	13521	2010	2702	2052	2732	and	OTHER
861	13523	13525	2090	2704	2127	2726	Tax	OTHER
862	13559	13567	319	2730	417	2756	Statement	OTHER
863	13591	13594	581	2742	668	2774	2018	OTHER
864	13611	13613	106	2742	174	2771	W-2	OTHER
865	13642	13649	1110	2730	1204	2757	tatement	OTHER
866	13668	13671	1357	2740	1443	2772	2018	OTHER
867	13708	13710	1686	2741	1754	2773	W-2	OTHER
868	13734	13742	1911	2729	2011	2753	Statement	OTHER
869	13762	13765	2167	2743	2252	2773	2018	OTHER
870	13769	13771	874	2744	943	2771	W-2	OTHER
871	13774	13777	99	2779	132	2806	Copy	OTHER
872	13779	13779	136	2780	148	2807	B	OTHER
873	13781	13782	152	2780	164	2807	to	OTHER
874	13784	13785	168	2780	185	2807	be	OTHER
875	13787	13791	190	2780	218	2807	filed	OTHER
876	13793	13796	223	2781	250	2807	with	OTHER
877	13798	13807	255	2781	329	2807	employee's	OTHER
878	13809	13815	334	2781	386	2806	Federal	OTHER
879	13817	13822	391	2781	441	2805	Income	OTHER
880	13824	13826	445	2780	469	2804	Tax	OTHER
881	13828	13833	474	2780	520	2804	Return	OTHER
882	13835	13837	561	2778	596	2809	OMB	OTHER
883	13839	13841	599	2777	626	2806	No.	OTHER
884	13843	13851	629	2777	712	2808	1545-0008	OTHER
885	13857	13860	867	2779	902	2807	Copy	OTHER
886	13862	13862	906	2779	912	2806	2	OTHER
887	13864	13865	917	2778	931	2806	to	OTHER
888	13867	13868	936	2778	951	2806	be	OTHER
889	13870	13874	956	2778	983	2807	filed	OTHER
890	13876	13876	989	2780	997	2808	w	OTHER
891	13881	13885	1060	2780	1097	2807	yee's	OTHER
892	13887	13891	1101	2780	1136	2806	State	OTHER
893	13893	13898	1139	2779	1192	2806	Income	OTHER
894	13900	13902	1196	2779	1220	2805	Tax	OTHER
895	13904	13909	1224	2779	1269	2804	Return	OTHER
896	13911	13913	1334	2777	1369	2809	OME	OTHER
897	13915	13917	1373	2775	1399	2805	No.	OTHER
898	13919	13927	1403	2775	1473	2807	1545-0008	OTHER
899	13952	13955	1680	2777	1714	2805	Copy	OTHER
900	13957	13957	1719	2778	1726	2805	2	OTHER
901	13959	13960	1731	2778	1742	2806	to	OTHER
902	13962	13963	1747	2778	1764	2806	be	OTHER
903	13965	13969	1769	2779	1797	2807	filed	OTHER
904	13971	13974	1803	2780	1831	2807	with	OTHER
905	13987	13988	1987	2782	2000	2804	al	OTHER
906	13990	13995	2002	2781	2056	2806	Income	OTHER
907	13997	13999	2058	2781	2084	2806	Tax	OTHER
908	14001	14006	2086	2780	2139	2807	Return	OTHER
909	14008	14010	2148	2779	2184	2807	OMB	OTHER
910	14012	14014	2186	2779	2213	2807	No.	OTHER
911	14016	14024	2215	2777	2296	2807	1545-0008	OTHER
