	0	0.1	2020	1761	2087	1797	Medicare	OTHER
0	0	0	2148	1996	2211	2029	number	OTHER
1	108	111	1035	253	1156	305	2018	OTHER
2	131	133	1171	254	1276	306	W-2	OTHER
3	146	148	1287	255	1389	307	and	OTHER
4	165	172	1401	255	1690	307	EARNINGS	OTHER
5	194	200	1709	253	1995	306	SUMMARY	OTHER
6	259	261	2225	245	2311	291	ADP	OTHER
7	280	287	222	317	319	344	Employee	OTHER
8	301	309	393	313	498	346	Reference	OTHER
9	315	318	592	316	643	342	Copy	OTHER
10	364	366	964	314	1006	344	his	OTHER
11	368	371	1011	314	1070	343	blue	OTHER
12	373	380	1075	314	1196	343	Earnings	OTHER
13	382	388	1201	314	1329	342	Summary	OTHER
14	390	396	1333	314	1430	342	section	OTHER
15	398	399	1435	314	1459	342	is	OTHER
16	401	408	1464	314	1577	342	included	OTHER
17	410	413	1582	314	1637	342	with	OTHER
18	415	418	1643	314	1704	342	your	OTHER
19	420	422	1709	314	1766	342	W-2	OTHER
20	424	425	1771	314	1799	342	to	OTHER
21	427	430	1804	314	1863	343	help	OTHER
22	432	439	1874	313	1983	344	describe	OTHER
23	441	448	1989	313	2096	344	portions	OTHER
24	450	451	2102	313	2127	345	in	OTHER
25	453	456	2133	312	2205	346	more	OTHER
26	458	464	2215	312	2287	346	detail.	OTHER
27	496	499	329	351	386	377	Wage	OTHER
28	501	503	428	346	465	370	and	OTHER
29	505	507	506	346	543	371	Tax	OTHER
30	566	567	965	343	999	370	he	OTHER
31	569	575	1006	343	1107	370	reverse	OTHER
32	577	580	1114	343	1169	370	side	OTHER
33	582	589	1176	343	1289	370	includes	OTHER
34	591	597	1294	343	1395	370	general	OTHER
35	599	609	1399	343	1547	370	information	OTHER
36	611	614	1553	343	1608	370	that	OTHER
37	616	618	1612	343	1660	370	you	OTHER
38	620	622	1666	343	1726	370	may	OTHER
39	624	627	1732	343	1786	370	also	OTHER
40	629	632	1792	343	1843	370	find	OTHER
41	634	641	1848	343	1946	370	helpful.	OTHER
42	646	648	112	380	169	417	N-2	OTHER
43	673	681	324	371	404	396	Statement	OTHER
44	691	694	582	386	666	417	2018	taxYear
45	697	700	99	432	135	458	Copy	OTHER
46	702	702	137	431	148	455	C	OTHER
47	704	706	150	431	172	455	for	OTHER
48	708	717	174	431	250	455	employee's	OTHER
49	719	726	252	432	322	461	records.	OTHER
50	743	745	564	422	596	448	OMB	OTHER
51	747	749	599	422	626	447	No.	OTHER
52	751	759	631	422	709	448	1545-0008	OTHER
53	803	804	1025	425	1048	454	1.	OTHER
54	806	808	1052	425	1096	454	The	OTHER
55	810	818	1100	425	1212	454	following	OTHER
56	820	830	1216	424	1352	455	information	OTHER
57	832	839	1357	424	1447	455	reflects	OTHER
58	841	844	1451	424	1507	455	your	OTHER
59	846	850	1511	424	1564	455	final	OTHER
60	852	855	1568	424	1624	455	2018	OTHER
61	857	859	1628	424	1676	455	pay	OTHER
62	861	864	1680	424	1732	455	stub	OTHER
63	866	869	1736	424	1792	455	plus	OTHER
64	871	873	1796	424	1840	456	any	OTHER
65	875	885	1844	425	1990	456	adjustments	OTHER
66	887	895	1994	425	2111	456	submitted	OTHER
67	897	898	2116	425	2148	457	by	OTHER
68	900	903	2152	425	2210	457	your	OTHER
69	905	913	2214	425	2337	457	employer.	OTHER
70	916	916	99	448	119	475	d	OTHER
71	918	924	129	449	184	475	Control	OTHER
72	926	931	186	445	256	475	number	OTHER
73	933	937	307	447	359	487	Dept.	OTHER
74	967	974	614	450	678	479	Emplover	OTHER
75	976	978	683	450	709	479	use	OTHER
76	980	983	715	452	753	484	only	OTHER
77	985	986	758	458	781	488	36	OTHER
78	988	993	98	471	167	499	445317	OTHER
79	1035	1035	561	465	582	495	A	OTHER
80	1102	1106	1102	472	1144	499	Gross	OTHER
81	1108	1110	1148	468	1181	497	Pay	OTHER
82	1118	1125	1261	466	1332	494	89330.04	OTHER
83	1147	1152	1639	469	1690	495	5728.0	OTHER
84	1163	1170	1836	474	1891	498	RI.State	OTHER
85	1172	1177	1895	473	1952	498	Income	OTHER
86	1179	1181	1956	471	1977	496	Tax	OTHER
87	1184	1189	2071	465	2121	495	1772.5	OTHER
88	1335	1337	1458	488	1480	515	Tax	OTHER
89	1339	1346	1483	485	1561	515	Withheld	OTHER
90	1368	1370	1838	497	1865	519	Box	OTHER
91	1372	1373	1868	498	1887	519	17	OTHER
92	1374	1379	1879	513	1934	537	Income	OTHER
93	1567	1568	1890	498	1905	519	of	OTHER
94	1570	1572	1907	499	1944	520	W-2	OTHER
95	1573	1574	1937	514	1955	537	Ta	OTHER
96	1720	1722	1458	509	1482	537	Box	OTHER
97	1724	1724	1485	509	1496	536	4	OTHER
98	1726	1727	1498	509	1513	535	of	OTHER
99	1729	1731	1516	509	1555	536	W-2	OTHER
100	1752	1756	1835	511	1876	535	Local	OTHER
101	1772	1772	2079	511	2082	538	1	OTHER
102	1774	1778	2087	509	2129	538	85.18	OTHER
103	1785	1790	151	524	241	555	waters	employerName
104	1792	1793	246	521	281	551	by	employerName
105	1795	1800	287	518	335	549	dress,	employerName
106	1802	1804	337	515	367	545	and	OTHER
107	1806	1808	369	512	395	543	ZIP	OTHER
108	1810	1813	397	508	439	540	code	OTHER
109	1956	1958	1837	532	1864	561	Box	OTHER
110	1960	1961	1868	531	1887	560	19	OTHER
111	1963	1964	1891	531	1903	559	of	OTHER
112	1966	1967	1907	533	1927	560	W-	OTHER
113	1969	1969	1929	534	1941	560	2	OTHER
114	1978	1981	160	568	213	603	1867	employerAddressStreet_name
115	1983	1986	219	567	277	596	Lisa	employerAddressStreet_name
116	1988	1994	282	567	376	602	Highway	employerAddressStreet_name
117	2086	2089	1102	568	1132	595	Fed.	OTHER
118	2091	2096	1136	568	1198	594	Income	OTHER
119	2100	2104	1258	566	1300	588	20560	OTHER
120	2114	2121	1453	567	1520	595	Medicare	OTHER
121	2123	2125	1524	566	1550	593	Tax	OTHER
122	2134	2140	1669	565	1726	590	1980.19	OTHER
123	2149	2162	159	591	345	625	stephaniemouth	employerAddressCity
124	2164	2165	372	591	409	621	KS	employerAddressState
125	2167	2176	413	591	548	622	98923-0294	employerAddressZip
126	2256	2258	1100	592	1129	619	Tax	OTHER
127	2260	2267	1131	591	1198	618	Withheld	OTHER
128	2286	2293	1454	592	1530	618	Withheld	OTHER
129	2438	2440	1106	615	1129	642	Box	OTHER
130	2442	2442	1485	616	1495	642	6	OTHER
131	2444	2445	1146	618	1160	644	of	OTHER
132	2447	2447	1518	616	1529	643	W	OTHER
133	2449	2449	1532	615	1536	643	-	OTHER
134	2451	2451	1134	617	1142	643	2	OTHER
135	2473	2475	1453	612	1483	642	Box	OTHER
136	2477	2478	1869	613	1887	640	14	OTHER
137	2480	2481	1498	616	1515	643	of	OTHER
138	2483	2484	1908	616	1929	645	W-	OTHER
139	2602	2604	1843	614	1865	640	Box	OTHER
140	2606	2606	1539	614	1559	642	2	OTHER
141	2608	2609	1891	614	1905	642	of	OTHER
142	2611	2613	1164	618	1194	644	W-2	OTHER
143	2652	2656	407	683	476	712	Batch	OTHER
144	2681	2686	589	677	675	711	#02021	OTHER
145	2688	2690	98	728	128	754	eff	OTHER
146	2692	2700	132	728	215	755	Employees	OTHER
147	2702	2706	219	729	265	756	name.	OTHER
148	2708	2714	268	729	329	756	address	OTHER
149	2716	2718	333	728	360	755	and	OTHER
150	2720	2722	365	728	388	755	ZIP	OTHER
151	2724	2727	393	728	438	754	code	OTHER
152	2836	2837	1023	753	1047	782	2.	OTHER
153	2839	2842	1053	753	1111	782	Your	OTHER
154	2844	2848	1116	753	1187	782	Gross	OTHER
155	2850	2852	1192	754	1237	783	Pay	OTHER
156	2854	2856	1242	754	1291	783	was	OTHER
157	2858	2865	1296	754	1398	783	adjusted	OTHER
158	2867	2868	1403	754	1432	783	as	OTHER
159	2870	2876	1437	753	1523	783	follows	OTHER
160	2878	2879	1528	753	1552	783	to	OTHER
161	2881	2887	1557	753	1658	783	produce	OTHER
162	2889	2892	1663	752	1717	783	your	OTHER
163	2894	2896	1722	752	1771	783	W-2	OTHER
164	2898	2907	1776	751	1894	783	Statement.	OTHER
165	2916	2921	152	783	238	812	Alexis	employeeName
166	2923	2930	243	784	355	815	Anderson	employeeName
167	2939	2943	154	811	224	842	60349	OTHER
168	2945	2949	229	811	305	841	Kathy	OTHER
169	2951	2955	309	811	383	841	Knoll	OTHER
170	2957	2961	388	812	462	840	Suite	OTHER
171	2963	2965	466	814	507	841	854	OTHER
172	3078	3083	1334	817	1389	844	Wages,	OTHER
173	3085	3089	1394	816	1429	844	Tips,	OTHER
174	3091	3094	1434	814	1464	842	othe	OTHER
175	3101	3106	1582	814	1625	845	Social	OTHER
176	3108	3112	1631	813	1673	843	Secur	OTHER
177	3115	3120	1678	813	1730	841	Medica	OTHER
178	3134	3136	1838	816	1851	844	RI.	OTHER
179	3138	3142	1856	813	1892	843	State	OTHER
180	3144	3148	1897	808	1943	840	Wages	OTHER
181	3150	3150	1947	807	1955	836	,	OTHER
182	3152	3159	1991	812	2054	842	Harrison	OTHER
183	3161	3164	2059	812	2097	841	Fort	OTHER
184	3179	3185	231	840	332	874	avidton	OTHER
185	3187	3188	361	839	395	865	DC	OTHER
186	3190	3199	454	839	592	867	47745-7936	OTHER
187	3312	3323	1335	841	1433	869	Compensation	OTHER
188	3472	3474	1334	857	1362	887	BOX	OTHER
189	3476	3476	1367	858	1375	887	1	OTHER
190	3478	3479	1381	859	1392	888	of	OTHER
191	3481	3481	1398	859	1408	888	W	OTHER
192	3483	3483	1413	860	1414	887	-	OTHER
193	3485	3485	1419	860	1435	887	2	OTHER
194	3495	3499	1583	841	1643	870	Wages	OTHER
195	3500	3504	1679	829	1743	860	wages	OTHER
196	3527	3529	1836	856	1865	886	BOX	OTHER
197	3531	3532	1869	856	1886	885	16	OTHER
198	3534	3535	1626	860	1639	892	of	OTHER
199	3537	3537	1643	860	1654	892	W	OTHER
200	3539	3539	1658	860	1660	891	-	OTHER
201	3541	3541	1664	860	1675	891	2	OTHER
202	3543	3547	1991	841	2032	870	Local	OTHER
203	3549	3553	2036	840	2082	870	Wages	OTHER
204	3555	3555	2087	839	2093	865	,	OTHER
205	3725	3727	1578	860	1609	893	Box	OTHER
206	3729	3729	1613	860	1622	892	3	OTHER
207	3731	3732	1725	860	1738	891	of	OTHER
208	3734	3734	1742	860	1753	891	W	OTHER
209	3736	3736	1757	860	1759	890	-	OTHER
210	3738	3738	1764	860	1779	890	2	OTHER
211	3740	3742	1679	860	1708	891	Box	OTHER
212	3744	3744	1712	860	1721	891	5	OTHER
213	3746	3747	1890	856	1903	887	of	OTHER
214	3749	3749	1907	858	1918	889	W	OTHER
215	3751	3751	1922	860	1926	890	-	OTHER
216	3753	3753	1930	861	1941	892	2	OTHER
217	3778	3780	1992	872	2021	904	BOX	OTHER
218	3782	3783	2025	875	2043	906	18	OTHER
219	3785	3786	2048	876	2060	906	of	OTHER
220	3788	3789	2065	875	2088	905	W2	OTHER
221	3794	3803	134	905	216	930	Employer's	OTHER
222	3805	3807	220	904	252	930	FED	OTHER
223	3809	3810	256	904	272	930	ID	OTHER
224	3812	3817	275	902	334	930	number	OTHER
225	3830	3830	404	905	425	935	a	OTHER
226	3832	3841	435	903	521	933	Employee's	OTHER
227	3843	3845	524	903	555	932	SSA	OTHER
228	3847	3852	559	904	632	938	number	OTHER
229	3860	3869	151	922	259	954	33-4675845	einEmployerIdentificationNumber
230	3914	3924	562	919	670	949	212-81-6129	ssnOfEmployee
231	3967	3967	1071	933	1088	961	T	OTHER
232	3969	3973	1102	926	1139	954	Gross	OTHER
233	3975	3977	1144	926	1172	952	Pay	OTHER
234	4003	4010	1998	918	2059	945	89330.04	OTHER
235	4022	4026	1587	925	1631	953	89330	OTHER
236	4031	4038	1381	924	1450	952	89330.04	OTHER
237	4057	4064	1685	920	1749	948	89330.04	OTHER
238	4074	4081	1841	921	1904	948	89330.04	OTHER
239	4125	4131	433	957	488	992	Federal	OTHER
240	4133	4138	491	959	548	992	income	OTHER
241	4140	4142	551	961	574	992	tax	OTHER
242	4144	4147	577	962	607	990	with	OTHER
243	4149	4151	610	962	632	988	hel	OTHER
244	4230	4233	1334	939	1379	971	9448	OTHER
245	4252	4254	1582	950	1618	981	NIA	OTHER
246	4304	4305	1992	948	2004	972	94	OTHER
247	4307	4308	2009	948	2033	972	48	OTHER
248	4315	4320	134	963	188	990	Wages,	OTHER
249	4322	4326	191	962	224	989	tips,	OTHER
250	4328	4332	227	961	268	989	other	OTHER
251	4334	4337	270	960	309	989	comp	OTHER
252	4339	4339	311	960	320	988	.	OTHER
253	4416	4419	1023	966	1057	993	Less	OTHER
254	4421	4423	1062	965	1082	991	401	OTHER
255	4425	4427	1087	964	1106	990	(k)	OTHER
256	4429	4434	1111	962	1160	989	(D-Box	OTHER
257	4436	4437	1165	961	1184	987	2)	OTHER
258	4478	4484	1580	976	1644	1010	20560.1	OTHER
259	4486	4488	1678	960	1718	992	NIA	OTHER
260	4511	4515	1837	973	1873	1004	20560	OTHER
261	4517	4518	1877	976	1896	1006	.1	OTHER
262	4530	4536	1991	970	2052	1006	20560.1	OTHER
263	4645	4652	1022	1000	1088	1026	Reported	OTHER
264	4654	4656	1093	999	1122	1026	W-2	OTHER
265	4658	4662	1127	994	1180	1024	Wages	OTHER
266	4667	4672	133	1022	179	1051	Social	OTHER
267	4674	4681	183	1021	242	1051	security	OTHER
268	4683	4687	245	1016	297	1048	wages	OTHER
269	4707	4712	434	1018	481	1049	Social	OTHER
270	4714	4721	485	1018	544	1049	security	OTHER
271	4723	4725	547	1018	570	1048	tax	OTHER
272	4727	4734	574	1017	640	1048	withheld	OTHER
273	4742	4749	139	1089	199	1118	Medicare	OTHER
274	4751	4755	203	1088	251	1113	wages	OTHER
275	4757	4759	256	1087	282	1111	and	OTHER
276	4761	4764	287	1087	326	1111	tips	OTHER
277	4781	4788	433	1089	502	1115	Medicare	OTHER
278	4790	4792	506	1089	529	1114	tax	OTHER
279	4794	4801	532	1089	601	1114	withheld	OTHER
280	4844	4845	1023	1084	1046	1116	3.	OTHER
281	4847	4854	1052	1085	1168	1116	Employee	OTHER
282	4856	4858	1174	1085	1220	1116	W-4	OTHER
283	4860	4867	1226	1085	1312	1116	Profile.	OTHER
284	4869	4870	1317	1085	1349	1116	To	OTHER
285	4872	4877	1354	1085	1440	1116	change	OTHER
286	4879	4882	1445	1085	1501	1116	your	OTHER
287	4884	4891	1506	1086	1623	1116	Employee	OTHER
288	4893	4895	1627	1086	1676	1117	W-4	OTHER
289	4897	4903	1680	1086	1757	1117	Profile	OTHER
290	4905	4916	1761	1086	1905	1117	Information,	OTHER
291	4918	4921	1909	1086	1948	1117	file	OTHER
292	4923	4923	1951	1086	1968	1117	a	OTHER
293	4925	4927	1972	1086	2023	1117	new	OTHER
294	4929	4931	2028	1086	2076	1117	W-4	OTHER
295	4933	4936	2079	1086	2133	1118	with	OTHER
296	4938	4941	2136	1086	2192	1118	your	OTHER
297	4943	4949	2194	1086	2283	1118	payroll	OTHER
298	4951	4955	2285	1086	2359	1118	dept.	OTHER
299	4962	4966	152	1107	198	1135	68282	OTHER
300	4968	4968	199	1107	207	1133	.	OTHER
301	4970	4971	209	1106	240	1133	48	OTHER
302	5016	5019	561	1106	598	1134	1980	OTHER
303	5021	5023	600	1109	627	1135	.19	OTHER
304	5066	5066	405	1146	424	1175	8	OTHER
305	5068	5076	436	1145	504	1176	Allocated	OTHER
306	5078	5081	507	1146	548	1182	tips	OTHER
307	5227	5232	1838	1151	1877	1180	Social	OTHER
308	5234	5241	1882	1151	1936	1179	Security	OTHER
309	5243	5245	1940	1152	1969	1177	Num	OTHER
310	5247	5248	1972	1153	1991	1177	be	OTHER
311	5256	5261	151	1160	205	1193	74876.	OTHER
312	5263	5264	208	1158	240	1192	29	OTHER
313	5309	5313	562	1165	607	1191	68282	OTHER
314	5315	5315	610	1165	617	1190	.	OTHER
315	5317	5318	620	1164	639	1190	48	OTHER
316	5368	5373	1104	1171	1196	1199	Alexis	OTHER
317	5375	5382	1204	1171	1323	1200	Anderson	OTHER
318	5487	5493	2071	1161	2139	1191	MARRIED	OTHER
319	5498	5509	133	1208	217	1236	Verification	OTHER
320	5511	5514	221	1207	259	1233	Code	OTHER
321	5537	5537	413	1206	433	1234	0	OTHER
322	5539	5547	438	1206	520	1234	Dependent	OTHER
323	5549	5552	524	1206	555	1234	care	OTHER
324	5554	5561	559	1207	616	1234	benefits	OTHER
325	5614	5618	1108	1208	1183	1240	50349	OTHER
326	5620	5624	1189	1208	1269	1239	Kathy	OTHER
327	5626	5630	1275	1208	1356	1239	Knoll	OTHER
328	5632	5636	1364	1207	1443	1238	Suite	OTHER
329	5638	5640	1451	1206	1494	1238	854	OTHER
330	5696	5702	1834	1201	1906	1229	FEDERAL	OTHER
331	5704	5704	1908	1199	1927	1228	:	OTHER
332	5824	5837	1103	1248	1310	1278	Stephaniemouth	OTHER
333	5839	5840	1350	1248	1384	1274	KS	OTHER
334	5842	5845	1393	1248	1451	1274	9892	OTHER
335	5907	5911	1833	1234	1896	1267	LOCAL	OTHER
336	5914	5914	107	1266	124	1290	1	OTHER
337	5916	5927	137	1266	230	1290	Nonqualified	OTHER
338	5929	5933	233	1264	274	1288	plans	OTHER
339	5947	5949	408	1261	437	1289	12a	OTHER
340	5951	5953	440	1262	467	1290	See	OTHER
341	5955	5966	470	1263	559	1290	instructions	OTHER
342	5968	5970	562	1262	584	1290	for	OTHER
343	5972	5974	587	1262	617	1290	box	OTHER
344	5976	5977	621	1261	637	1289	12	OTHER
345	5980	5980	107	1326	122	1349	4	OTHER
346	5982	5986	142	1324	189	1349	Other	OTHER
347	6036	6039	562	1308	602	1339	$448	OTHER
348	6076	6077	411	1348	443	1380	20	OTHER
349	6096	6096	545	1352	557	1384	1	OTHER
350	6098	6100	562	1351	604	1384	283	OTHER
351	6137	6140	421	1386	443	1419	Stat	OTHER
352	6142	6145	448	1386	476	1419	amp.	OTHER
353	6147	6150	480	1385	503	1419	Fet.	OTHER
354	6152	6155	507	1385	551	1419	Plan	OTHER
355	6157	6159	560	1384	577	1417	ard	OTHER
356	6161	6165	581	1383	609	1417	party	OTHER
357	6167	6170	611	1383	636	1415	sick	OTHER
358	6172	6174	638	1382	662	1413	pay	OTHER
359	6178	6182	137	1430	183	1454	State	OTHER
360	6184	6193	228	1426	304	1458	Emblovers'	OTHER
361	6195	6199	308	1424	341	1455	state	OTHER
362	6201	6202	345	1423	359	1454	ID	OTHER
363	6204	6205	363	1422	377	1453	no	OTHER
364	6207	6207	381	1422	401	1453	.	OTHER
365	6209	6210	407	1421	433	1453	16	OTHER
366	6212	6216	447	1421	483	1453	State	OTHER
367	6218	6222	487	1421	530	1454	wades	OTHER
368	6224	6224	534	1421	539	1454	,	OTHER
369	6226	6229	543	1421	566	1455	tips	OTHER
370	6231	6231	570	1422	575	1455	,	OTHER
371	6233	6235	579	1422	597	1456	etc	OTHER
372	6237	6237	601	1423	614	1457	.	OTHER
373	6242	6246	143	1484	176	1514	State	OTHER
374	6248	6253	181	1484	236	1513	income	OTHER
375	6255	6257	241	1482	267	1511	tax	OTHER
376	6273	6273	414	1481	435	1513	8	OTHER
377	6275	6279	443	1482	482	1514	Local	OTHER
378	6281	6285	487	1483	531	1514	wades	OTHER
379	6287	6287	536	1484	539	1514	,	OTHER
380	6289	6292	544	1484	567	1514	tips	OTHER
381	6294	6294	573	1485	576	1514	,	OTHER
382	6296	6298	581	1485	598	1514	etc	OTHER
383	6300	6300	603	1485	624	1514	.	OTHER
384	6303	6304	102	1542	128	1571	19	OTHER
385	6306	6307	141	1540	158	1569	Lo	OTHER
386	6313	6322	153	1544	237	1583	9fagincome	OTHER
387	6324	6326	242	1543	267	1574	tax	OTHER
388	6352	6359	443	1541	500	1573	Locality	OTHER
389	6361	6364	505	1544	556	1577	name	OTHER
390	6366	6373	562	1548	642	1585	Harrison	OTHER
391	6375	6378	647	1557	685	1588	Fort	OTHER
392	6486	6486	1023	1558	1034	1588	@	OTHER
393	6488	6491	1039	1557	1071	1588	2018	OTHER
394	6493	6495	1076	1557	1103	1586	ADP	OTHER
395	6497	6497	1108	1557	1113	1586	,	OTHER
396	6499	6501	1118	1556	1156	1585	LLC	OTHER
397	6505	6505	100	1678	120	1707	1	OTHER
398	6507	6511	132	1678	179	1707	Wades	OTHER
399	6513	6513	184	1678	187	1706	.	OTHER
400	6515	6518	192	1677	214	1705	tips	OTHER
401	6520	6520	219	1677	223	1705	.	OTHER
402	6522	6526	228	1675	267	1705	other	OTHER
403	6528	6531	272	1674	307	1704	comp	OTHER
404	6533	6533	312	1673	323	1703	.	OTHER
405	6547	6553	433	1674	488	1705	Federal	OTHER
406	6555	6560	493	1675	546	1705	income	OTHER
407	6562	6564	551	1675	573	1705	tax	OTHER
408	6566	6569	578	1675	604	1704	with	OTHER
409	6571	6573	609	1675	631	1704	hel	OTHER
410	6592	6592	863	1676	891	1709	1	OTHER
411	6594	6598	901	1677	944	1708	Wages	OTHER
412	6600	6600	950	1677	953	1707	.	OTHER
413	6602	6605	959	1676	981	1707	tips	OTHER
414	6607	6607	988	1676	990	1706	.	OTHER
415	6609	6613	997	1675	1032	1705	other	OTHER
416	6615	6618	1039	1673	1075	1704	comp	OTHER
417	6620	6620	1081	1673	1086	1702	.	OTHER
418	6628	6628	1180	1674	1203	1708	2	OTHER
419	6630	6636	1209	1675	1260	1708	Federal	OTHER
420	6638	6643	1266	1676	1320	1707	income	OTHER
421	6645	6647	1326	1676	1346	1706	tax	OTHER
422	6649	6656	1352	1676	1410	1706	withheld	OTHER
423	6689	6693	1713	1674	1760	1706	Wages	OTHER
424	6695	6695	1765	1676	1768	1706	.	OTHER
425	6697	6700	1773	1676	1795	1707	tips	OTHER
426	6702	6702	1801	1676	1805	1706	.	OTHER
427	6704	6708	1811	1674	1849	1706	other	OTHER
428	6710	6713	1854	1671	1888	1704	comp	OTHER
429	6715	6715	1894	1670	1898	1701	.	OTHER
430	6723	6729	2022	1675	2075	1705	Federal	OTHER
431	6731	6736	2080	1675	2134	1705	income	OTHER
432	6738	6740	2139	1675	2162	1706	tax	OTHER
433	6742	6748	2166	1676	2219	1707	withhel	OTHER
434	6755	6760	134	1722	180	1749	Social	OTHER
435	6762	6769	183	1723	241	1749	security	OTHER
436	6771	6774	244	1722	287	1749	wage	OTHER
437	6791	6791	407	1715	428	1754	4	OTHER
438	6793	6798	435	1715	477	1753	Social	OTHER
439	6800	6807	484	1716	539	1752	security	OTHER
440	6809	6811	546	1717	568	1748	tax	OTHER
441	6813	6816	575	1717	599	1746	with	OTHER
442	6818	6821	606	1716	641	1744	held	OTHER
443	6840	6845	903	1719	947	1748	Social	OTHER
444	6847	6854	951	1719	1009	1746	security	OTHER
445	6856	6858	1013	1720	1046	1746	wag	OTHER
446	6875	6880	1209	1716	1254	1755	Social	OTHER
447	6882	6889	1259	1715	1314	1752	security	OTHER
448	6891	6893	1320	1715	1340	1748	tax	OTHER
449	6895	6902	1346	1712	1411	1746	withheld	OTHER
450	6935	6940	1716	1720	1761	1748	Social	OTHER
451	6942	6949	1766	1720	1824	1746	security	OTHER
452	6951	6954	1827	1720	1862	1745	wage	OTHER
453	6968	6973	2022	1716	2066	1750	Social	OTHER
454	6975	6982	2071	1717	2129	1750	security	OTHER
455	6984	6986	2134	1717	2154	1748	tax	OTHER
456	6988	6994	2159	1715	2216	1747	withhel	OTHER
457	7038	7039	1711	1755	1735	1790	Me	OTHER
458	7043	7045	175	1771	199	1800	are	OTHER
459	7047	7049	507	1760	525	1797	tax	OTHER
460	7051	7054	562	1742	598	1767	5728	OTHER
461	7062	7064	601	1740	629	1766	.04	OTHER
462	7066	7067	610	1774	646	1810	19	OTHER
463	7128	7135	532	1763	603	1804	withheld	OTHER
464	7164	7171	947	1747	1028	1774	14876-29	OTHER
465	7192	7192	1179	1758	1200	1798	6	OTHER
466	7194	7201	433	1758	500	1796	Medicare	OTHER
467	7203	7205	1278	1759	1300	1796	tax	OTHER
468	7206	7209	1335	1743	1369	1771	5728	OTHER
469	7217	7218	1374	1743	1395	1770	.0	OTHER
470	7363	7370	1307	1760	1388	1799	withheld	OTHER
471	7409	7416	1759	1747	1835	1771	74876-29	OTHER
472	7600	7600	1677	1761	1704	1796	5	OTHER
473	7604	7609	1759	1774	1813	1805	68282,	OTHER
474	7611	7612	1815	1772	1835	1801	ag	OTHER
475	7614	7616	255	1763	284	1795	and	OTHER
476	7618	7621	288	1758	327	1794	tips	OTHER
477	7638	7645	1208	1758	1271	1797	Medicare	OTHER
478	7647	7649	2092	1760	2114	1795	tax	OTHER
479	7651	7658	2119	1759	2199	1793	withheld	OTHER
480	7664	7666	134	1774	165	1802	the	OTHER
481	7668	7668	405	2000	425	2031	a	OTHER
482	7672	7676	202	1766	252	1798	wanes	OTHER
483	7678	7680	1023	1764	1051	1796	and	OTHER
484	7682	7685	1055	1763	1086	1794	tips	OTHER
485	7757	7759	936	1772	969	1803	"""gg"	OTHER
486	7761	7765	973	1767	1020	1799	wanes	OTHER
487	7767	7769	1837	1768	1865	1799	and	OTHER
488	7771	7774	1868	1761	1907	1796	tips	OTHER
489	7800	7804	306	1811	363	1846	Dept.	OTHER
490	7806	7809	405	1807	432	1839	Corp	OTHER
491	7811	7811	436	1806	444	1837	.	OTHER
492	7843	7850	614	1809	679	1840	Employer	OTHER
493	7852	7854	684	1809	708	1840	use	OTHER
494	7856	7859	713	1810	754	1843	only	OTHER
495	7864	7870	897	1811	952	1842	Control	OTHER
496	7872	7875	188	1810	229	1844	numb	OTHER
497	7893	7896	1100	1814	1147	1846	Dept	OTHER
498	7897	7901	1181	1810	1225	1841	Corp.	OTHER
499	7924	7931	1388	1808	1451	1838	Employer	OTHER
500	7933	7935	1456	1808	1481	1838	use	OTHER
501	7937	7940	1485	1807	1528	1837	only	OTHER
502	7959	7965	1711	1809	1766	1845	Control	OTHER
503	7967	7972	955	1806	1027	1836	number	OTHER
504	7988	7992	1913	1814	1963	1842	Dept.	OTHER
505	8018	8025	2202	1809	2267	1839	Employer	OTHER
506	8027	8029	2271	1811	2296	1842	use	OTHER
507	8031	8034	2300	1813	2338	1846	only	OTHER
508	8036	8037	2344	1817	2370	1851	36	OTHER
509	8039	8044	100	1821	167	1854	445317	OTHER
510	8046	8056	101	1840	215	1877	"""Employer's"	OTHER
511	8075	8078	219	1848	257	1879	name	OTHER
512	8080	8080	261	1849	264	1879	,	OTHER
513	8082	8088	268	1849	325	1879	address	OTHER
514	8090	8090	328	1848	334	1879	,	OTHER
515	8092	8094	338	1847	365	1879	and	OTHER
516	8096	8098	368	1846	395	1878	ZIP	OTHER
517	8100	8103	398	1842	438	1876	code	OTHER
518	8149	8158	902	1843	982	1877	Employer's	OTHER
519	8160	8163	987	1848	1025	1879	name	OTHER
520	8165	8165	1029	1849	1033	1879	,	OTHER
521	8167	8173	1036	1849	1094	1879	address	OTHER
522	8175	8175	1097	1849	1103	1879	,	OTHER
523	8177	8179	1106	1848	1135	1879	and	OTHER
524	8181	8183	1138	1847	1163	1877	ZIP	OTHER
525	8185	8188	1165	1844	1214	1876	code	OTHER
526	8244	8254	1682	1842	1796	1877	"""Employer's"	OTHER
527	8256	8260	1800	1848	1847	1878	name,	OTHER
528	8262	8269	1850	1849	1915	1878	address,	OTHER
529	8271	8273	1918	1848	1946	1878	and	OTHER
530	8275	8277	1949	1847	1976	1877	ZIP	OTHER
531	8279	8282	1979	1845	2026	1875	code	OTHER
532	8289	8294	152	1876	239	1905	Waters	OTHER
533	8296	8298	245	1875	290	1904	PLC	OTHER
534	8300	8302	297	1875	343	1903	PLC	OTHER
535	8380	8385	944	1870	1033	1904	Waters	OTHER
536	8387	8389	1036	1874	1084	1904	PLC	OTHER
537	8391	8393	1088	1875	1136	1905	PLC	OTHER
538	8475	8480	1758	1877	1844	1905	Waters	OTHER
539	8482	8484	1849	1875	1897	1905	PLC	OTHER
540	8486	8488	1901	1869	1949	1902	PLC	OTHER
541	8496	8499	156	1902	213	1935	4867	OTHER
542	8501	8504	218	1901	277	1933	Lisa	OTHER
543	8506	8512	282	1902	382	1941	Highway	OTHER
544	8594	8597	1011	1904	1072	1936	Lisa	OTHER
545	8599	8605	1076	1904	1172	1945	Highway	OTHER
546	8681	8684	1760	1905	1819	1936	4867	OTHER
547	8686	8689	1825	1905	1883	1935	Lisa	OTHER
548	8691	8697	1889	1905	1986	1942	Highway	OTHER
549	8706	8719	160	1932	336	1964	stephaniemouth	OTHER
550	8721	8722	373	1932	409	1964	KS	OTHER
551	8724	8733	413	1933	549	1964	98923-0294	OTHER
552	8798	8811	950	1933	1133	1964	stephaniemouth	OTHER
553	8813	8814	1166	1933	1202	1964	KS	OTHER
554	8816	8825	1208	1933	1346	1963	98923-0294	OTHER
555	8891	8904	1760	1933	1947	1965	Stephaniemouth	OTHER
556	8906	8907	1980	1933	2014	1965	KS	OTHER
557	8909	8913	2020	1933	2082	1964	98923	OTHER
558	8915	8915	2086	1933	2095	1964	-	OTHER
559	8917	8920	2099	1933	2156	1964	0294	OTHER
560	8927	8936	136	1997	215	2028	Employer's	OTHER
561	8938	8940	221	1998	251	2028	FED	OTHER
562	8942	8943	256	1998	272	2029	ID	OTHER
563	8945	8950	1769	1808	1826	1836	number	OTHER
564	8962	8962	1178	1996	1203	2030	a	OTHER
565	8964	8973	434	1998	520	2030	Employee's	OTHER
566	8975	8977	525	1998	556	2030	SSA	OTHER
567	8979	8984	277	1997	333	2029	number	OTHER
568	9014	9023	903	2000	984	2028	Employer's	OTHER
569	9028	9030	988	2000	1020	2027	FED	OTHER
570	9032	9033	1023	2000	1038	2027	ID	OTHER
571	9035	9040	560	1998	614	2031	number	OTHER
572	9049	9049	1993	1998	2014	2030	a	OTHER
573	9051	9060	1209	1997	1293	2030	Employee's	OTHER
574	9062	9064	1298	1998	1326	2030	SSA	OTHER
575	9066	9071	1041	2000	1106	2029	number	OTHER
576	9109	9118	1715	1997	1797	2028	Employer's	OTHER
577	9120	9122	1801	2000	1833	2029	FED	OTHER
578	9124	9125	1837	2001	1854	2029	ID	OTHER
579	9127	9132	1331	1997	1391	2030	number	OTHER
580	9151	9160	2023	1998	2107	2030	Employee's	OTHER
581	9162	9164	2111	1998	2144	2030	SSA	OTHER
582	9166	9171	1857	2001	1916	2030	number	OTHER
583	9179	9188	151	2015	258	2050	33-4675845	OTHER
584	9267	9276	945	2013	1050	2045	33-4675845	OTHER
585	9362	9371	1757	2019	1863	2044	33-4675845	OTHER
586	9378	9383	134	2065	177	2097	social	OTHER
587	9385	9392	180	2065	241	2097	security	OTHER
588	9394	9397	244	2061	271	2093	tips	OTHER
589	9414	9414	406	2057	428	2089	8	OTHER
590	9416	9424	436	2057	501	2088	Allocated	OTHER
591	9426	9429	506	2059	549	2088	tips	OTHER
592	9468	9470	925	2065	947	2095	ial	OTHER
593	9472	9479	949	2065	1009	2095	security	OTHER
594	9481	9483	1012	2065	1027	2095	tin	OTHER
595	9500	9500	1178	2053	1201	2088	8	OTHER
596	9502	9510	1209	2054	1276	2087	Allocated	OTHER
597	9512	9515	1282	2057	1326	2088	tips	OTHER
598	9559	9564	1715	2060	1760	2091	Social	OTHER
599	9566	9573	1764	2064	1823	2094	security	OTHER
600	9575	9578	1825	2067	1850	2095	tips	OTHER
601	9597	9605	2023	2056	2089	2088	Allocated	OTHER
602	9607	9610	2094	2058	2137	2088	tips	OTHER
603	9670	9674	562	2076	609	2102	58282	OTHER
604	9676	9676	610	2076	618	2101	.	OTHER
605	9678	9679	619	2075	638	2100	48	OTHER
606	9758	9762	2149	2073	2195	2100	68282	OTHER
607	9764	9764	1385	2078	1391	2102	.	OTHER
608	9766	9767	1394	2077	1410	2102	48	OTHER
609	9852	9856	1335	2078	1382	2105	68282	OTHER
610	9858	9858	2198	2072	2205	2097	.	OTHER
611	9860	9861	2207	2071	2223	2096	48	OTHER
612	9866	9877	133	2118	217	2150	Verification	OTHER
613	9879	9882	222	2122	264	2150	Code	OTHER
614	9904	9905	409	2117	434	2149	10	OTHER
615	9907	9915	440	2118	518	2149	Dependent	OTHER
616	9917	9920	523	2118	555	2147	care	OTHER
617	9922	9928	560	2118	609	2145	benefit	OTHER
618	9954	9965	900	2117	985	2148	Verification	OTHER
619	9967	9970	989	2117	1028	2147	Code	OTHER
620	9989	9990	1178	2114	1209	2147	10	OTHER
621	9992	10000	1213	2116	1293	2149	Dependent	OTHER
622	10002	10005	1297	2118	1329	2149	care	OTHER
623	10007	10014	1333	2118	1387	2147	benefits	OTHER
624	10049	10060	1713	2117	1798	2147	Verification	OTHER
625	10062	10065	1802	2118	1836	2146	Code	OTHER
626	10086	10087	1992	2115	2020	2146	10	OTHER
627	10089	10097	2027	2116	2107	2148	Dependent	OTHER
628	10099	10102	2111	2118	2142	2148	care	OTHER
629	10104	10110	2146	2119	2196	2147	benefit	OTHER
630	10169	10171	560	2134	601	2162	177	OTHER
631	10255	10257	1334	2133	1377	2164	177	OTHER
632	10260	10261	101	2177	126	2203	11	OTHER
633	10263	10274	136	2178	230	2205	Nonqualified	OTHER
634	10276	10280	234	2177	282	2205	plans	OTHER
635	10300	10302	409	2177	435	2207	12a	OTHER
636	10304	10306	441	2177	465	2207	See	OTHER
637	10308	10319	470	2176	556	2207	instructions	OTHER
638	10321	10323	561	2175	582	2205	for	OTHER
639	10325	10327	587	2175	616	2204	box	OTHER
640	10329	10330	621	2175	637	2203	12	OTHER
641	10351	10362	904	2175	997	2205	Nonqualified	OTHER
642	10364	10368	1002	2175	1049	2205	plans	OTHER
643	10386	10388	1179	2177	1207	2208	12a	OTHER
644	10390	10392	1212	2176	1238	2208	See	OTHER
645	10394	10405	1243	2176	1331	2208	instructions	OTHER
646	10407	10409	1335	2175	1356	2206	for	OTHER
647	10411	10413	1360	2175	1389	2205	box	OTHER
648	10415	10416	1393	2174	1412	2204	12	OTHER
649	10444	10455	1717	2178	1811	2209	Nonqualified	OTHER
650	10457	10461	1816	2176	1868	2209	plans	OTHER
651	10486	10487	2002	2178	2020	2208	2a	OTHER
652	10489	10491	2025	2177	2051	2208	See	OTHER
653	10493	10504	2056	2175	2146	2207	instructions	OTHER
654	10506	10508	2150	2174	2169	2206	for	OTHER
655	10510	10512	2172	2174	2204	2206	box	OTHER
656	10514	10515	2207	2174	2229	2206	12	OTHER
657	10521	10523	142	2229	170	2250	Oth	OTHER
658	10577	10579	561	2222	607	2259	790	OTHER
659	10604	10605	868	2233	891	2259	14	OTHER
660	10607	10610	910	2232	942	2256	Othe	OTHER
661	10702	10706	1724	2230	1768	2257	Other	OTHER
662	10831	10832	404	2302	414	2337	13	OTHER
663	10834	10837	420	2302	442	2337	Stat	OTHER
664	10839	10841	1220	2298	1246	2337	emp	OTHER
665	10843	10846	483	2300	502	2336	Ret.	OTHER
666	10848	10851	508	2298	552	2336	Plan	OTHER
667	10853	10855	561	2296	578	2334	ard	OTHER
668	10857	10861	584	2294	610	2332	party	OTHER
669	10863	10866	616	2292	638	2330	sick	OTHER
670	10868	10870	644	2288	675	2328	pay	OTHER
671	10932	10934	1990	2285	2001	2326	1's	OTHER
672	10936	10939	2008	2287	2027	2328	stat	OTHER
673	10941	10943	2034	2290	2061	2330	emp	OTHER
674	10945	10947	2068	2292	2082	2331	ret	OTHER
675	10949	10949	2087	2293	2090	2331	,	OTHER
676	10951	10954	1281	2296	1325	2337	Plan	OTHER
677	10956	10958	1333	2295	1348	2335	ard	OTHER
678	10960	10964	1355	2294	1384	2334	party	OTHER
679	10966	10969	1391	2293	1412	2333	sick	OTHER
680	10971	10973	1419	2291	1448	2331	pay	OTHER
681	11011	11012	1176	2298	1188	2337	13	OTHER
682	11014	11017	1194	2298	1214	2337	Stat	OTHER
683	11019	11022	448	2301	476	2337	emp,	OTHER
684	11024	11027	1253	2298	1274	2337	Ret.	OTHER
685	11029	11032	2094	2294	2140	2331	Plan	OTHER
686	11034	11036	2147	2294	2163	2331	ard	OTHER
687	11038	11042	2170	2293	2197	2330	party	OTHER
688	11044	11047	2204	2292	2226	2329	sick	OTHER
689	11049	11051	2233	2289	2258	2326	pay	OTHER
690	11053	11055	98	2334	128	2362	eff	OTHER
691	11057	11065	133	2336	215	2366	Employees	OTHER
692	11067	11070	218	2338	255	2367	name	OTHER
693	11072	11072	259	2337	264	2367	.	OTHER
694	11074	11080	268	2335	328	2367	address	OTHER
695	11082	11084	332	2334	361	2365	and	OTHER
696	11086	11088	364	2332	389	2364	ZIP	OTHER
697	11090	11093	393	2328	438	2362	code	OTHER
698	11140	11142	866	2335	897	2364	elf	OTHER
699	11144	11152	901	2336	983	2366	Employees	OTHER
700	11154	11157	986	2337	1023	2366	name	OTHER
701	11159	11159	1027	2337	1032	2366	.	OTHER
702	11161	11167	1036	2335	1096	2366	address	OTHER
703	11169	11171	1100	2334	1127	2364	and	OTHER
704	11173	11175	1131	2332	1157	2363	ZIP	OTHER
705	11177	11180	1160	2329	1208	2362	code	OTHER
706	11234	11236	1679	2336	1712	2365	elf	OTHER
707	11238	11246	1715	2337	1796	2366	Employees	OTHER
708	11248	11252	1800	2337	1847	2366	name.	OTHER
709	11254	11260	1851	2336	1911	2366	address	OTHER
710	11262	11264	1915	2335	1942	2365	and	OTHER
711	11266	11268	1946	2333	1971	2363	ZIP	OTHER
712	11270	11273	1976	2331	2017	2362	code	OTHER
713	11281	11286	153	2380	237	2408	Alexis	OTHER
714	11288	11295	243	2380	353	2409	Anderson	OTHER
715	11370	11375	945	2380	1030	2410	Alexis	OTHER
716	11377	11384	1037	2380	1147	2410	Anderson	OTHER
717	11464	11469	1759	2381	1843	2409	Alexis	OTHER
718	11471	11478	1850	2381	1962	2411	Anderson	OTHER
719	11487	11491	155	2406	225	2435	60349	OTHER
720	11493	11497	230	2406	302	2435	Kathy	OTHER
721	11499	11503	309	2406	382	2435	Knoll	OTHER
722	11505	11509	387	2406	459	2435	Suite	OTHER
723	11511	11513	466	2406	510	2434	854	OTHER
724	11577	11581	948	2407	1018	2437	60349	OTHER
725	11583	11587	1023	2406	1097	2435	Kathy	OTHER
726	11589	11593	1102	2406	1175	2434	Knoll	OTHER
727	11595	11599	1182	2407	1254	2435	Suite	OTHER
728	11601	11603	1260	2409	1304	2436	854	OTHER
729	11671	11675	1761	2405	1831	2435	60349	OTHER
730	11677	11681	1837	2405	1909	2435	Kathy	OTHER
731	11683	11687	1915	2406	1989	2434	Knoll	OTHER
732	11689	11693	1995	2406	2067	2434	Suite	OTHER
733	11695	11697	2073	2407	2119	2433	854	OTHER
734	11705	11708	153	2433	212	2464	East	OTHER
735	11710	11717	217	2432	331	2464	Davidton	OTHER
736	11719	11720	360	2430	397	2458	DC	OTHER
737	11722	11731	455	2430	592	2462	47745-7936	OTHER
738	11795	11798	945	2435	1005	2464	East	OTHER
739	11800	11807	1011	2432	1122	2464	Davidton	OTHER
740	11809	11810	1154	2430	1188	2459	DC	OTHER
741	11812	11821	1248	2429	1382	2460	47745-7936	OTHER
742	11890	11893	1759	2435	1818	2465	East	OTHER
743	11895	11902	1823	2431	1937	2465	Davidton	OTHER
744	11921	11930	2060	2427	2197	2466	47745-7936	OTHER
745	11933	11933	105	2501	123	2524	5	OTHER
746	11935	11939	138	2501	184	2530	State	OTHER
747	11941	11950	228	2502	304	2538	omblovers'	OTHER
748	11952	11956	309	2499	340	2531	state	OTHER
749	11958	11959	344	2499	358	2530	ID	OTHER
750	11961	11962	363	2498	375	2529	no	OTHER
751	11964	11964	380	2497	399	2529	.	OTHER
752	11966	11967	406	2497	433	2528	16	OTHER
753	11969	11973	446	2497	482	2529	State	OTHER
754	11975	11979	487	2499	528	2532	wanes	OTHER
755	11981	11981	534	2501	537	2532	,	OTHER
756	11983	11986	543	2502	565	2534	tips	OTHER
757	11988	11988	571	2505	575	2535	.	OTHER
758	11990	11991	580	2505	595	2537	32	OTHER
759	11993	11993	601	2508	614	2539	;	OTHER
760	11995	11996	619	2510	634	2541	03	OTHER
761	12020	12021	867	2500	891	2526	15	OTHER
762	12023	12027	906	2502	952	2534	State	OTHER
763	12039	12048	1021	2500	1096	2536	Emblovers'	OTHER
764	12050	12054	1100	2498	1133	2530	state	OTHER
765	12056	12057	1137	2497	1151	2528	10	OTHER
766	12059	12060	1155	2497	1176	2528	no	OTHER
767	12062	12063	1180	2497	1207	2528	16	OTHER
768	12065	12069	1217	2497	1254	2528	State	OTHER
769	12071	12075	1258	2498	1311	2531	wanes	OTHER
770	12077	12081	1315	2502	1355	2534	tips.	OTHER
771	12083	12084	1359	2506	1371	2536	16	OTHER
772	12086	12086	1375	2508	1388	2538	3	OTHER
773	12088	12089	1392	2510	1415	2540	03	OTHER
774	12114	12115	1679	2500	1706	2527	15	OTHER
775	12117	12121	1719	2499	1766	2532	State	OTHER
776	12134	12143	1835	2500	1909	2538	Emblovers'	OTHER
777	12145	12149	1915	2497	1944	2532	state	OTHER
778	12151	12152	1950	2497	1963	2530	10	OTHER
779	12154	12155	1969	2496	1988	2530	no	OTHER
780	12157	12158	1994	2496	2021	2529	16	OTHER
781	12160	12164	2031	2496	2066	2530	State	OTHER
782	12166	12171	2072	2498	2124	2533	wades.	OTHER
783	12173	12177	2129	2502	2173	2537	tips,	OTHER
784	12179	12180	2179	2507	2200	2540	23	OTHER
785	12182	12183	2205	2510	2221	2542	03	OTHER
786	12186	12187	102	2556	123	2581	17	OTHER
787	12189	12193	142	2558	180	2584	State	OTHER
788	12195	12200	183	2557	239	2584	income	OTHER
789	12202	12204	240	2555	269	2583	tax	OTHER
790	12227	12227	411	2554	435	2585	8	OTHER
791	12229	12233	442	2555	484	2586	Local	OTHER
792	12235	12239	486	2556	540	2587	wanes	OTHER
793	12241	12244	543	2559	568	2588	tips	OTHER
794	12246	12246	571	2560	576	2588	,	OTHER
795	12248	12251	579	2561	624	2589	etc.	OTHER
796	12312	12313	1178	2553	1210	2586	18	OTHER
797	12315	12319	1215	2553	1256	2587	Local	OTHER
798	12321	12325	1260	2555	1304	2589	wages	OTHER
799	12327	12327	1308	2559	1310	2589	.	OTHER
800	12329	12332	1315	2559	1349	2592	tips	OTHER
801	12334	12335	1354	2563	1371	2594	86	OTHER
802	12337	12337	1375	2566	1388	2596	6	OTHER
803	12339	12340	1392	2568	1410	2598	06	OTHER
804	12368	12369	1681	2554	1705	2580	17	OTHER
805	12371	12375	1723	2557	1761	2583	State	OTHER
806	12377	12382	1763	2559	1821	2584	income	OTHER
807	12384	12385	1823	2560	1839	2585	ta	OTHER
808	12412	12413	1993	2554	2020	2585	18	OTHER
809	12415	12419	2029	2554	2070	2587	Local	OTHER
810	12421	12425	2074	2555	2118	2589	wanes	OTHER
811	12427	12427	2122	2558	2126	2589	.	OTHER
812	12429	12433	2130	2559	2164	2592	tips.	OTHER
813	12435	12437	2168	2562	2186	2593	etc	OTHER
814	12439	12439	2189	2564	2204	2595	5	OTHER
815	12441	12442	2207	2566	2224	2596	06	OTHER
816	12539	12542	944	2571	984	2597	1772	OTHER
817	12544	12544	985	2572	990	2597	.	OTHER
818	12546	12547	991	2572	1022	2599	52	OTHER
819	12550	12551	100	2617	127	2645	19	OTHER
820	12553	12557	140	2618	180	2645	Local	OTHER
821	12559	12564	183	2617	240	2644	income	OTHER
822	12566	12568	243	2617	263	2642	tax	OTHER
823	12593	12594	409	2615	431	2642	20	OTHER
824	12596	12603	443	2615	502	2643	Locality	OTHER
825	12605	12608	505	2616	557	2646	name	OTHER
826	12637	12638	867	2615	892	2640	19	OTHER
827	12640	12644	908	2616	949	2642	Local	OTHER
828	12646	12651	952	2617	1008	2644	income	OTHER
829	12653	12654	1011	2619	1029	2645	ta	OTHER
830	12677	12678	1178	2613	1206	2641	20	OTHER
831	12680	12687	1216	2614	1276	2644	Locality	OTHER
832	12689	12692	1279	2616	1332	2647	name	OTHER
833	12732	12733	1681	2616	1707	2644	19	OTHER
834	12735	12739	1723	2618	1762	2647	Local	OTHER
835	12741	12747	1766	2621	1835	2655	ingon18	OTHER
836	12777	12784	2029	2614	2087	2647	Locality	OTHER
837	12786	12789	2090	2620	2142	2652	name	OTHER
838	12791	12798	2146	2625	2229	2658	Harrison	OTHER
839	12800	12803	646	2637	693	2659	Fort	OTHER
840	12867	12874	561	2633	642	2658	Harrison	OTHER
841	12876	12879	1419	2635	1458	2661	Fort	OTHER
842	12947	12954	1333	2631	1417	2660	Harrison	OTHER
843	12956	12959	2233	2633	2281	2662	Fort	OTHER
844	12979	12985	229	2677	316	2706	Federal	OTHER
845	13005	13010	417	2681	468	2705	Filing	OTHER
846	13027	13030	592	2678	641	2703	Copy	OTHER
847	13070	13077	1019	2672	1106	2709	RI.State	OTHER
848	13091	13096	1189	2683	1238	2705	Filing	OTHER
849	13109	13112	1367	2677	1415	2701	Copy	OTHER
850	13162	13165	1812	2674	1851	2705	City	OTHER
851	13167	13168	1855	2675	1875	2705	or	OTHER
852	13170	13174	1879	2675	1945	2713	Local	OTHER
853	13176	13181	2002	2681	2055	2708	Filing	OTHER
854	13201	13204	2179	2677	2228	2700	Copy	OTHER
855	13237	13240	325	2706	388	2734	Wage	OTHER
856	13242	13244	426	2702	468	2725	and	OTHER
857	13246	13248	505	2706	539	2728	Tax	OTHER
858	13333	13335	1197	2700	1239	2729	and	OTHER
859	13337	13339	1278	2703	1311	2727	Tax	OTHER
860	13417	13420	1921	2705	1984	2734	Wage	OTHER
861	13422	13424	2010	2702	2052	2732	and	OTHER
862	13426	13428	2090	2702	2127	2726	Tax	OTHER
863	13461	13469	319	2731	417	2756	Statement	OTHER
864	13493	13496	581	2742	668	2774	2018	OTHER
865	13517	13519	105	2742	174	2771	W-2	OTHER
866	13549	13556	1110	2730	1203	2758	tatement	OTHER
867	13576	13579	1359	2740	1443	2772	2018	OTHER
868	13614	13616	1686	2741	1754	2773	W-2	OTHER
869	13640	13648	1911	2729	2011	2753	Statement	OTHER
870	13668	13671	2167	2742	2253	2774	2018	OTHER
871	13674	13676	874	2744	943	2771	W-2	OTHER
872	13678	13681	99	2779	132	2806	Copy	OTHER
873	13683	13683	137	2780	148	2807	B	OTHER
874	13685	13686	153	2780	164	2807	to	OTHER
875	13688	13689	169	2780	185	2807	be	OTHER
876	13691	13695	190	2780	217	2807	filed	OTHER
877	13697	13700	222	2781	250	2807	with	OTHER
878	13702	13711	256	2781	330	2807	employee's	OTHER
879	13713	13719	335	2781	385	2806	Federal	OTHER
880	13721	13726	390	2781	442	2806	Income	OTHER
881	13728	13730	447	2780	469	2804	Tax	OTHER
882	13732	13737	473	2779	520	2804	Return	OTHER
883	13739	13741	560	2778	596	2809	OME	OTHER
884	13743	13745	600	2777	626	2806	No.	OTHER
885	13747	13755	629	2777	712	2808	1545-0008	OTHER
886	13765	13768	867	2779	902	2807	Copy	OTHER
887	13770	13770	906	2779	914	2806	2	OTHER
888	13772	13773	919	2778	931	2806	to	OTHER
889	13775	13776	936	2778	951	2806	be	OTHER
890	13778	13783	956	2779	984	2807	filled	OTHER
891	13785	13785	989	2780	997	2808	w	OTHER
892	13790	13794	1060	2780	1097	2807	yee's	OTHER
893	13796	13800	1101	2780	1136	2806	State	OTHER
894	13802	13807	1140	2779	1192	2806	Income	OTHER
895	13809	13811	1196	2779	1220	2805	Tax	OTHER
896	13813	13818	1224	2779	1269	2804	Return	OTHER
897	13821	13823	1334	2777	1369	2808	OME	OTHER
898	13825	13826	1373	2776	1389	2805	No	OTHER
899	13828	13828	1393	2775	1398	2804	.	OTHER
900	13830	13838	1403	2775	1472	2807	1545-0008	OTHER
901	13860	13863	1680	2778	1714	2805	Copy	OTHER
902	13865	13865	1719	2778	1726	2805	2	OTHER
903	13867	13868	1731	2778	1742	2806	to	OTHER
904	13870	13871	1747	2778	1763	2806	be	OTHER
905	13873	13877	1769	2779	1797	2807	filed	OTHER
906	13879	13882	1802	2780	1831	2807	with	OTHER
907	13895	13896	1987	2782	2000	2804	al	OTHER
908	13898	13903	2002	2781	2056	2806	Income	OTHER
909	13905	13907	2058	2781	2084	2807	Tax	OTHER
910	13909	13914	2086	2780	2139	2807	Return	OTHER
911	13916	13918	2148	2779	2184	2807	OMB	OTHER
912	13920	13922	2186	2779	2213	2807	No.	OTHER
913	13924	13932	2215	2777	2296	2807	1545-0008	OTHER
