	0	0.1	1634	641	1659	664	Box	OTHER
0	0	0	1374	673	1431	699	2935846.5	OTHER
1	0	0	1495	885	1541	908	Taxable	OTHER
2	0	0	1493	1506	1548	1530	address,	OTHER
3	0	0	1404	1655	1495	1680	15-0580989	OTHER
4	115	118	864	55	973	104	2018	OTHER
5	120	122	983	59	1073	109	W-2	OTHER
6	124	126	1086	63	1171	113	and	OTHER
7	128	135	1183	66	1433	122	EARNINGS	OTHER
8	137	143	1449	76	1697	128	SUMMARY	OTHER
9	172	179	190	87	280	108	Employee	OTHER
10	181	189	332	84	428	117	Reference	OTHER
11	205	208	499	95	550	120	Copy	OTHER
12	254	257	793	100	839	132	This	OTHER
13	259	262	844	102	896	134	blue	OTHER
14	264	271	901	104	1003	137	Earnings	OTHER
15	273	279	1008	109	1120	141	Summary	OTHER
16	281	287	1125	113	1205	144	section	OTHER
17	289	290	1210	117	1232	145	is	OTHER
18	292	299	1236	118	1335	148	included	OTHER
19	301	304	1339	121	1387	150	with	OTHER
20	306	309	1392	123	1442	152	your	OTHER
21	311	313	1446	125	1497	154	W-2	OTHER
22	315	316	1501	127	1525	155	to	OTHER
23	318	321	1529	128	1584	157	help	OTHER
24	323	330	1588	130	1683	161	describe	OTHER
25	332	339	1687	134	1780	165	portions	OTHER
26	341	342	1784	137	1806	166	in	OTHER
27	344	347	1810	138	1877	168	more	OTHER
28	349	355	1881	140	1942	171	detail.	OTHER
29	397	400	282	118	329	137	Wage	OTHER
30	402	404	364	117	395	138	and	OTHER
31	406	408	427	115	457	140	Tax	OTHER
32	466	468	794	127	835	155	The	OTHER
33	470	476	840	129	926	159	reverse	OTHER
34	478	481	930	133	977	162	side	OTHER
35	483	490	982	135	1080	166	includes	OTHER
36	492	498	1084	140	1170	170	general	OTHER
37	500	510	1174	143	1304	175	information	OTHER
38	512	515	1308	148	1354	176	that	OTHER
39	517	519	1357	150	1400	177	you	OTHER
40	521	523	1403	151	1456	179	may	OTHER
41	525	528	1460	153	1509	180	also	OTHER
42	530	533	1513	155	1557	181	find	OTHER
43	535	542	1560	156	1650	183	helpful.	OTHER
44	557	559	96	134	157	170	W-2	OTHER
45	585	593	281	137	350	159	statement	OTHER
46	652	655	488	156	564	184	2018	taxYear
47	669	672	91	183	123	205	Copy	OTHER
48	674	674	124	184	134	206	C	OTHER
49	676	678	135	185	154	207	for	OTHER
50	680	689	155	185	222	211	employee's	OTHER
51	703	703	92	197	109	220	d	OTHER
52	705	711	117	198	165	222	Control	OTHER
53	718	723	167	201	230	222	number	OTHER
54	724	731	223	189	283	216	records.	OTHER
55	747	749	471	187	500	210	OMB	OTHER
56	751	753	504	187	527	211	No.	OTHER
57	755	763	531	188	596	214	1545-0008	OTHER
58	776	782	90	215	155	239	2075552	OTHER
59	804	806	269	215	288	239	ept	OTHER
60	808	810	290	215	322	240	150	OTHER
61	812	816	341	212	373	240	Corp.	OTHER
62	824	831	517	216	572	242	Employer	OTHER
63	833	835	576	217	598	242	use	OTHER
64	837	840	602	218	637	243	only	OTHER
65	882	883	852	207	874	233	1.	OTHER
66	885	887	878	208	914	234	The	OTHER
67	889	897	918	209	1010	238	following	OTHER
68	899	909	1013	212	1131	242	information	OTHER
69	911	918	1134	216	1211	245	reflects	OTHER
70	920	923	1215	218	1263	247	your	OTHER
71	925	929	1266	220	1311	249	final	OTHER
72	931	934	1315	222	1365	251	2018	OTHER
73	936	938	1368	223	1408	253	pay	OTHER
74	940	943	1411	225	1458	254	stub	OTHER
75	945	948	1461	227	1508	256	plus	OTHER
76	950	952	1511	228	1550	258	any	OTHER
77	954	964	1553	230	1681	262	adjustments	OTHER
78	966	974	1684	235	1787	266	submitted	OTHER
79	976	977	1790	239	1816	267	by	OTHER
80	979	982	1819	241	1870	268	your	OTHER
81	984	992	1872	243	1979	272	employer.	OTHER
82	1011	1020	121	256	189	282	Employer's	OTHER
83	1022	1026	192	258	234	284	name,	OTHER
84	1028	1035	237	259	291	285	address,	OTHER
85	1037	1039	294	261	318	285	and	OTHER
86	1041	1043	321	262	344	285	ZIP	OTHER
87	1045	1048	346	262	375	286	code	OTHER
88	1117	1121	913	245	949	269	Gross	OTHER
89	1123	1125	951	248	972	272	Pay	OTHER
90	1131	1138	1048	251	1105	274	133846.5	OTHER
91	1146	1151	1202	260	1246	280	Social	OTHER
92	1153	1160	1247	262	1297	284	Security	OTHER
93	1181	1193	131	277	283	312	Martinez-Luna	employerName
94	1195	1197	286	289	328	312	PLC	employerName
95	1315	1316	1209	278	1227	299	ax	OTHER
96	1317	1317	52	2289	60	2312	B	OTHER
97	1318	1319	1525	286	1542	309	ox	OTHER
98	1321	1328	1228	277	1295	299	Withheld	OTHER
99	1331	1336	1355	264	1395	279	6761.2	OTHER
100	1344	1346	1516	267	1535	290	AZ.	OTHER
101	1348	1352	1538	269	1569	292	State	OTHER
102	1354	1359	1572	271	1623	294	Income	OTHER
103	1361	1363	1625	271	1645	294	Tax	OTHER
104	1365	1370	1709	275	1753	296	2780.1	OTHER
105	1391	1395	134	302	191	331	16845	employerAddressStreet_name
106	1397	1403	195	304	282	332	Matthew	employerAddressStreet_name
107	1405	1410	287	308	359	336	Tunnel	employerAddressStreet_name
108	1412	1415	363	313	417	339	Apt.	employerAddressStreet_name
109	1417	1419	421	316	462	342	779	employerAddressStreet_name
110	1532	1532	1229	295	1238	319	4	OTHER
111	1534	1535	1562	285	1575	306	of	OTHER
112	1537	1539	1577	285	1613	306	W.2	OTHER
113	1559	1560	1544	285	1560	307	17	OTHER
114	1562	1563	1240	296	1254	320	of	OTHER
115	1565	1567	1256	294	1292	319	W.2	OTHER
116	1752	1756	1514	303	1549	327	Local	OTHER
117	1758	1763	1552	306	1602	329	Income	OTHER
118	1765	1766	1604	308	1623	329	Ta	OTHER
119	1773	1780	1709	308	1765	338	12916.78	OTHER
120	1801	1805	135	330	193	356	South	employerAddressCity
121	1807	1815	197	331	302	357	Christine	employerAddressCity
122	1817	1818	350	336	377	360	ND	employerAddressState
123	1820	1829	396	338	511	368	83703-3820	employerAddressZip
124	1905	1908	910	332	937	356	Fed.	OTHER
125	1910	1915	941	334	998	357	Income	OTHER
126	1917	1924	1037	339	1095	359	20678.11	OTHER
127	1933	1940	1199	342	1260	367	Medicare	OTHER
128	1943	1944	916	357	933	380	ax	OTHER
129	1965	1967	1204	293	1227	318	Box	OTHER
130	1969	1970	1543	327	1559	350	19	OTHER
131	1972	1973	1561	327	1574	350	of	OTHER
132	1976	1978	1576	326	1608	350	W.2	OTHER
133	2104	2104	1630	822	1642	849	a	OTHER
134	2107	2114	936	359	1002	383	Withheld	OTHER
135	2152	2155	1376	348	1406	365	2551	OTHER
136	2157	2158	1409	348	1422	365	27	OTHER
137	2282	2284	1515	327	1541	350	Box	OTHER
138	2286	2286	937	375	946	398	2	OTHER
139	2288	2289	948	375	962	398	of	OTHER
140	2291	2291	964	375	976	399	W	OTHER
141	2293	2293	978	377	980	400	-	OTHER
142	2295	2295	982	377	994	401	2	OTHER
143	2312	2319	1198	367	1262	391	Withheld	OTHER
144	2342	2345	1514	379	1536	401	SUI/	OTHER
145	2347	2353	1540	379	1590	405	SDI/FLI	OTHER
146	2506	2508	907	375	934	399	Box	OTHER
147	2510	2510	1226	387	1234	411	6	OTHER
148	2512	2513	1237	388	1250	412	of	OTHER
149	2515	2515	1253	389	1264	413	W	OTHER
150	2517	2517	1266	390	1268	413	-	OTHER
151	2519	2519	1271	390	1283	415	2	OTHER
152	2537	2539	1197	385	1223	410	Box	OTHER
153	2541	2542	1541	399	1557	421	14	OTHER
154	2544	2545	1559	400	1572	421	of	OTHER
155	2547	2548	1574	400	1591	421	W-	OTHER
156	2550	2550	1592	400	1608	421	2	OTHER
157	2598	2602	335	418	393	445	Batch	OTHER
158	2624	2629	482	422	550	449	#02021	OTHER
159	2642	2644	83	447	110	471	elf	OTHER
160	2646	2654	113	448	183	475	Employees	OTHER
161	2656	2660	185	452	228	477	name,	OTHER
162	2662	2668	231	453	281	478	address	OTHER
163	2670	2672	283	455	308	478	and	OTHER
164	2674	2676	311	455	334	478	ZIP	OTHER
165	2678	2681	336	456	367	478	code	OTHER
166	2701	2705	125	499	187	525	April	employeeName
167	2707	2715	202	501	310	528	Maldonado	employeeName
168	2799	2800	842	497	862	524	2.	OTHER
169	2802	2805	866	498	915	526	Your	OTHER
170	2807	2811	919	500	980	529	Gross	OTHER
171	2813	2815	985	502	1023	530	Pay	OTHER
172	2817	2819	1028	504	1069	532	was	OTHER
173	2821	2828	1074	506	1162	535	adjusted	OTHER
174	2830	2831	1166	509	1191	536	as	OTHER
175	2833	2839	1195	510	1267	539	follows	OTHER
176	2841	2842	1271	513	1293	539	to	OTHER
177	2844	2850	1297	514	1384	542	produce	OTHER
178	2852	2855	1387	517	1434	543	your	OTHER
179	2857	2859	1437	519	1482	544	W-2	OTHER
180	2861	2870	1485	520	1591	546	Statement.	OTHER
181	2889	2891	125	524	163	550	571	OTHER
182	2893	2899	169	526	251	553	Stephen	OTHER
183	2901	2907	257	530	339	556	Prairie	OTHER
184	2909	2913	344	534	406	558	Suite	OTHER
185	2915	2917	412	536	451	559	873	OTHER
186	2936	2939	122	550	175	577	west	OTHER
187	2941	2951	179	553	301	581	Sharonburgh	OTHER
188	2953	2954	355	559	381	581	RI	OTHER
189	2956	2965	399	559	514	588	52374-1906	OTHER
190	3072	3077	1093	567	1142	590	Wages,	OTHER
191	3079	3083	1145	568	1175	590	Tips,	OTHER
192	3085	3089	1178	568	1211	590	other	OTHER
193	3095	3100	1298	567	1339	592	Social	OTHER
194	3102	3106	1341	568	1374	593	Secui	OTHER
195	3108	3115	1377	570	1444	597	Medicare	OTHER
196	3270	3281	1093	586	1191	607	Compensation	OTHER
197	3292	3296	1295	593	1348	618	Wages	OTHER
198	3297	3301	1375	595	1431	622	Wages	OTHER
199	3327	3329	1508	578	1524	601	AZ.	OTHER
200	3331	3335	1526	578	1559	601	State	OTHER
201	3337	3342	1561	578	1622	602	Wages,	OTHER
202	3344	3350	1632	579	1688	603	Maxwell	OTHER
203	3352	3355	1690	581	1730	603	Road	OTHER
204	3373	3382	112	607	177	633	Employer's	OTHER
205	3399	3399	1121	606	1129	630	1	OTHER
206	3400	3400	1405	614	1412	639	5	OTHER
207	3401	3401	480	633	485	657	-	ssnOfEmployee
208	3402	3402	1599	1749	1616	1775	0	OTHER
209	3403	3403	49	1378	64	1399	5	OTHER
210	3404	3404	317	1134	332	1156	8	OTHER
211	3405	3405	1756	2114	1766	2140	0	OTHER
212	3406	3406	66	877	84	901	9	OTHER
213	3407	3407	1585	2143	1603	2169	8	OTHER
214	3408	3408	38	1692	55	1717	9	OTHER
215	3412	3414	181	610	206	635	FED	OTHER
216	3416	3417	210	611	223	635	ID	OTHER
217	3419	3424	226	611	274	636	number	OTHER
218	3431	3440	355	616	431	642	Employee's	OTHER
219	3442	3444	434	618	460	643	SSA	OTHER
220	3445	3447	456	631	477	657	800	ssnOfEmployee
221	3449	3454	463	619	522	647	number	OTHER
222	3538	3540	1511	397	1539	420	Box	OTHER
223	3542	3542	75	654	92	679	1	OTHER
224	3544	3545	1132	606	1144	629	of	OTHER
225	3547	3549	1147	607	1185	632	W-2	OTHER
226	3558	3560	1092	606	1118	631	Box	OTHER
227	3562	3562	1324	612	1331	638	3	OTHER
228	3564	3565	1334	613	1346	638	of	OTHER
229	3567	3568	1349	613	1364	639	W-	OTHER
230	3570	3570	1367	613	1372	639	2	OTHER
231	3572	3574	1294	612	1321	638	Box	OTHER
232	3576	3576	135	1507	150	1536	5	OTHER
233	3578	3579	1415	615	1427	640	of	OTHER
234	3581	3582	1430	615	1445	640	W.	OTHER
235	3584	3584	1448	616	1467	641	2	OTHER
236	3594	3598	1505	602	1536	625	Tips,	OTHER
237	3600	3603	1537	606	1572	629	Etc.	OTHER
238	3676	3676	503	635	511	659	-	ssnOfEmployee
239	3678	3679	488	633	501	658	04	ssnOfEmployee
240	3681	3681	1726	1588	1736	1612	-	OTHER
241	3683	3686	513	635	547	661	7226	ssnOfEmployee
242	3814	3816	1375	613	1402	639	Box	OTHER
243	3818	3819	1533	622	1549	643	16	OTHER
244	3821	3822	1551	623	1563	644	of	OTHER
245	3824	3826	1565	623	1595	646	W-2	OTHER
246	3828	3831	1632	616	1669	639	Tine	OTHER
247	3833	3838	1674	615	1722	637	wages,	OTHER
248	3849	3849	430	1011	440	1037	1	OTHER
249	3851	3855	105	657	145	683	Wages	OTHER
250	3857	3857	148	660	153	684	,	OTHER
251	3859	3862	156	661	175	685	tips	OTHER
252	3864	3864	178	662	183	686	,	OTHER
253	3866	3870	186	663	220	687	other	OTHER
254	3872	3875	224	665	255	689	comp	OTHER
255	3877	3877	258	666	274	689	.	OTHER
256	4066	4068	1503	620	1531	642	Box	OTHER
257	4070	4071	1661	642	1676	665	18	OTHER
258	4073	4074	1678	643	1692	666	of	OTHER
259	4076	4077	1694	643	1716	667	W2	OTHER
260	4126	4132	352	665	402	694	Federal	OTHER
261	4134	4139	405	668	453	694	income	OTHER
262	4141	4143	456	669	478	694	tax	OTHER
263	4145	4152	480	669	545	694	withheld	OTHER
264	4199	4201	868	666	892	689	GTL	OTHER
265	4203	4208	895	663	940	687	(C-BOX	OTHER
266	4210	4212	943	663	968	684	121	OTHER
267	4233	4241	1124	661	1191	683	133846.49	OTHER
268	4253	4258	1294	668	1334	691	133846	OTHER
269	4260	4263	1091	678	1125	698	2935	OTHER
270	4265	4265	302	1349	320	1373	4	OTHER
271	4266	4266	486	1155	499	1179	6	OTHER
272	4267	4267	494	691	499	711	.	box2FederalIncomeTaxWithheld
273	4337	4341	454	690	493	711	20678	box2FederalIncomeTaxWithheld
274	4343	4343	157	735	163	755	.	box3SocialSecurityWages
275	4345	4346	501	691	524	712	11	box2FederalIncomeTaxWithheld
276	4422	4425	1373	690	1412	718	2935	OTHER
277	4479	4485	1510	680	1556	700	153846.	OTHER
278	4495	4496	1637	684	1648	705	75	OTHER
279	4498	4503	1650	679	1691	706	5046.5	OTHER
280	4518	4523	105	712	145	734	Social	OTHER
281	4525	4532	147	714	198	736	security	OTHER
282	4534	4538	199	716	247	736	wages	OTHER
283	4620	4623	832	699	862	721	Less	OTHER
284	4625	4629	865	698	902	720	Other	OTHER
285	4631	4634	905	698	936	719	Cafe	OTHER
286	4636	4638	937	698	968	719	125	OTHER
287	4658	4660	1088	696	1117	719	534	OTHER
288	4815	4821	1090	709	1139	735	20678.1	OTHER
289	4837	4844	1292	711	1354	741	20678.11	OTHER
290	4846	4846	938	1327	955	1354	2	OTHER
291	4870	4872	1500	704	1533	730	534	OTHER
292	4888	4892	116	734	156	755	88381	box3SocialSecurityWages
293	4894	4894	1334	729	1335	755	.	OTHER
294	4896	4897	164	733	188	755	67	box3SocialSecurityWages
295	4923	4928	353	722	393	745	Social	OTHER
296	4930	4937	395	722	446	746	security	OTHER
297	4939	4941	448	723	469	747	tax	OTHER
298	4943	4950	471	722	524	747	withheld	OTHER
299	4989	4996	832	722	890	747	Reported	OTHER
300	4998	5000	893	721	918	743	W-2	OTHER
301	5002	5006	920	720	966	742	Wages	OTHER
302	5026	5031	1088	724	1132	750	106407	OTHER
303	5033	5034	1135	727	1150	751	18	OTHER
304	5048	5053	1291	726	1330	755	106407	OTHER
305	5055	5055	483	804	489	822	.	OTHER
306	5057	5058	1338	730	1361	757	18	OTHER
307	5060	5065	1374	731	1411	758	106407	OTHER
308	5067	5069	1415	730	1434	758	.18	OTHER
309	5082	5087	1500	720	1538	747	20678.	OTHER
310	5089	5090	1539	726	1557	751	11	OTHER
311	5159	5164	455	739	505	761	6761.2	box4SocialSecurityTaxWithheld
312	5317	5322	1629	741	1667	769	106407	OTHER
313	5324	5326	1670	744	1694	769	.18	OTHER
314	5341	5348	102	770	162	795	Medicare	OTHER
315	5365	5372	115	786	187	808	87974.75	OTHER
316	5375	5379	165	774	207	798	wages	OTHER
317	5381	5383	210	776	235	798	and	OTHER
318	5385	5388	237	777	269	799	tips	OTHER
319	5399	5406	347	781	409	802	Medicare	OTHER
320	5408	5410	411	781	434	803	tax	OTHER
321	5412	5419	436	781	491	804	withheld	OTHER
322	5487	5490	449	805	482	824	2551	OTHER
323	5492	5492	152	843	158	866	.	OTHER
324	5494	5495	490	804	506	821	27	OTHER
325	5536	5537	833	794	850	821	3.	OTHER
326	5539	5546	855	795	955	824	Employee	OTHER
327	5548	5550	960	799	1001	826	W-4	OTHER
328	5552	5559	1006	800	1079	829	Profile.	OTHER
329	5561	5562	1084	803	1110	830	To	OTHER
330	5564	5569	1114	804	1189	833	change	OTHER
331	5571	5574	1194	807	1242	834	your	OTHER
332	5576	5583	1247	809	1345	838	Employee	OTHER
333	5585	5587	1350	812	1391	840	W-4	OTHER
334	5589	5595	1396	814	1461	842	Profile	OTHER
335	5597	5608	1465	816	1590	847	Information,	OTHER
336	5610	5613	1594	821	1626	849	file	OTHER
337	5615	5615	294	1602	309	1624	a	OTHER
338	5617	5619	1647	823	1688	851	new	OTHER
339	5621	5623	1693	825	1734	853	W-4	OTHER
340	5625	5628	1738	826	1780	854	with	OTHER
341	5630	5633	1784	828	1831	856	your	OTHER
342	5635	5641	1835	830	1909	859	payroll	OTHER
343	5643	5647	1913	833	1968	862	dept.	OTHER
344	5663	5668	103	826	141	850	Social	OTHER
345	5670	5677	143	829	194	853	security	OTHER
346	5692	5696	112	841	151	866	88381	OTHER
347	5698	5698	294	1078	307	1102	.	OTHER
348	5700	5701	160	842	186	866	67	OTHER
349	5709	5712	195	831	223	853	tips	OTHER
350	5727	5735	347	834	409	859	Allocated	OTHER
351	5743	5746	411	837	444	862	tips	OTHER
352	5812	5819	448	854	513	875	87974.75	OTHER
353	5831	5842	98	878	173	901	Verification	OTHER
354	5844	5847	176	879	206	901	Code	OTHER
355	5864	5865	319	886	341	909	10	OTHER
356	5867	5875	348	888	420	912	Dependent	OTHER
357	5877	5880	422	891	450	913	care	OTHER
358	5882	5889	452	891	512	913	benefits	OTHER
359	5944	5948	895	878	964	904	April	OTHER
360	5950	5958	982	879	1106	907	Maldonado	OTHER
361	6028	6030	1264	345	1287	368	Tax	OTHER
362	6031	6031	1595	1644	1613	1670	a	OTHER
363	6032	6032	1342	1635	1357	1657	b	OTHER
364	6034	6034	718	2114	727	2134	e	OTHER
365	6036	6042	1543	887	1585	908	Marital	OTHER
366	6044	6049	1587	888	1630	908	Static	OTHER
367	6116	6118	448	904	478	925	277	OTHER
368	6174	6176	894	911	934	937	571	OTHER
369	6178	6184	945	913	1038	942	Stephen	OTHER
370	6186	6192	1048	918	1142	945	Prairie	OTHER
371	6194	6198	1153	922	1221	946	Suite	OTHER
372	6200	6202	1232	925	1274	946	873	OTHER
373	6290	6296	1685	897	1752	918	MARRIED	OTHER
374	6306	6307	66	928	88	951	11	OTHER
375	6309	6320	98	929	180	956	Nonqualified	OTHER
376	6322	6326	183	934	220	959	plans	OTHER
377	6505	6524	1509	917	1639	938	emptions/Allowances:	OTHER
378	6540	6542	110	946	139	965	154	OTHER
379	6569	6571	318	937	345	961	12a	OTHER
380	6573	6575	347	939	372	963	See	OTHER
381	6577	6588	373	941	449	966	instructions	OTHER
382	6590	6592	451	943	469	966	for	OTHER
383	6594	6596	472	944	498	966	box	OTHER
384	6598	6599	501	943	522	966	12	OTHER
385	6648	6652	891	944	960	973	South	OTHER
386	6654	6662	970	948	1085	977	Christine	OTHER
387	6668	6669	1151	957	1175	972	ND	OTHER
388	6733	6737	1491	958	1534	982	LOCAL	OTHER
389	6739	6739	1536	962	1545	983	:	OTHER
390	6749	6750	64	981	86	1002	14	OTHER
391	6752	6756	101	982	140	1006	Other	OTHER
392	6807	6811	432	985	480	1008	12935	OTHER
393	6856	6858	315	996	349	1025	126	OTHER
394	6878	6878	1350	1345	1366	1369	1	OTHER
395	6880	6882	444	1012	477	1038	440	OTHER
396	6927	6929	314	1015	347	1043	120	OTHER
397	6974	6975	314	1041	324	1068	13	OTHER
398	6977	6980	328	1043	347	1071	Stat	OTHER
399	6982	6985	350	1045	373	1073	emp.	OTHER
400	6987	6989	376	1048	395	1076	Ret	OTHER
401	6991	6994	398	1050	421	1078	Plan	OTHER
402	6996	6998	440	1049	456	1076	3rd	OTHER
403	7000	7004	459	1052	485	1079	party	OTHER
404	7006	7009	487	1055	507	1080	sick	OTHER
405	7011	7013	510	1055	538	1080	pay	OTHER
406	7022	7023	61	1071	83	1092	15	OTHER
407	7025	7029	96	1072	134	1096	State	OTHER
408	7031	7040	168	1078	232	1099	Employers'	OTHER
409	7042	7046	235	1078	263	1100	state	OTHER
410	7048	7049	265	1078	278	1101	ID	OTHER
411	7051	7052	280	1078	291	1101	no	OTHER
412	7054	7054	480	1090	490	1112	.	OTHER
413	7056	7057	313	1079	333	1103	16	OTHER
414	7059	7063	347	1080	381	1106	State	OTHER
415	7065	7069	383	1082	422	1108	wages	OTHER
416	7071	7071	424	1085	430	1108	,	OTHER
417	7073	7076	432	1086	452	1110	tips	OTHER
418	7078	7078	453	1087	460	1110	,	OTHER
419	7080	7082	462	1088	479	1112	etc	OTHER
420	7084	7084	478	1156	484	1179	.	OTHER
421	7098	7099	104	1087	126	1107	AZ	OTHER
422	7101	7110	167	1096	254	1118	830-17-525	OTHER
423	7119	7120	58	1127	80	1148	17	OTHER
424	7122	7126	98	1127	130	1150	State	OTHER
425	7128	7133	133	1127	182	1151	income	OTHER
426	7135	7137	184	1129	206	1152	tax	OTHER
427	7157	7161	343	1135	380	1159	Local	OTHER
428	7163	7168	382	1137	429	1162	wages,	OTHER
429	7170	7174	437	1153	477	1179	74787	OTHER
430	7175	7179	431	1140	460	1164	tips,	OTHER
431	7181	7184	462	1141	488	1166	etc.	OTHER
432	7257	7257	866	1325	883	1350	.	OTHER
433	7258	7258	934	1403	957	1435	6	OTHER
434	7267	7268	57	1178	79	1202	19	OTHER
435	7270	7274	95	1179	129	1204	Local	OTHER
436	7276	7281	132	1179	181	1204	income	OTHER
437	7283	7285	183	1180	208	1204	tax	OTHER
438	7302	7303	309	1189	332	1212	20	OTHER
439	7308	7315	340	1189	392	1212	Locality	OTHER
440	7325	7328	395	1190	442	1214	name	OTHER
441	7342	7349	99	1194	174	1224	12916.78	OTHER
442	7394	7400	434	1206	496	1234	Maxwell	OTHER
443	7402	7405	500	1210	542	1234	Road	OTHER
444	7442	7442	815	1219	825	1245	@	OTHER
445	7444	7447	830	1219	856	1246	2018	OTHER
446	7449	7452	861	1221	891	1248	ADP,	OTHER
447	7454	7456	896	1223	924	1249	LLC	OTHER
448	7468	7473	83	1296	130	1323	Wages,	OTHER
449	7475	7479	133	1300	162	1324	tips,	OTHER
450	7481	7485	164	1302	199	1325	other	OTHER
451	7487	7491	201	1303	244	1325	comp.	OTHER
452	7502	7503	299	1305	319	1329	12	OTHER
453	7505	7511	330	1307	380	1333	Federal	OTHER
454	7513	7518	384	1308	432	1334	income	OTHER
455	7520	7522	436	1309	456	1334	tax	OTHER
456	7524	7531	460	1309	514	1334	withheld	OTHER
457	7544	7552	95	1319	175	1340	106407.18	OTHER
458	7593	7597	432	1330	470	1351	20678	OTHER
459	7599	7601	472	1330	502	1350	.11	OTHER
460	7628	7632	713	1320	753	1345	Wages	OTHER
461	7634	7634	756	1322	760	1346	,	OTHER
462	7636	7639	764	1323	783	1347	tips	OTHER
463	7641	7641	786	1323	792	1347	,	OTHER
464	7643	7647	795	1324	828	1348	other	OTHER
465	7649	7652	831	1324	863	1349	comp	OTHER
466	7654	7654	786	1374	793	1398	.	OTHER
467	7656	7656	1606	1352	1625	1379	2	OTHER
468	7658	7664	965	1329	1014	1357	Federal	OTHER
469	7666	7671	1018	1331	1066	1359	income	OTHER
470	7673	7675	426	1350	448	1375	tax	OTHER
471	7677	7684	452	1350	508	1375	withheld	OTHER
472	7697	7702	86	1343	125	1363	Social	OTHER
473	7704	7711	126	1344	177	1365	security	OTHER
474	7713	7717	178	1345	223	1367	wages	OTHER
475	7729	7729	936	1363	957	1393	4	OTHER
476	7731	7736	330	1349	370	1374	Social	OTHER
477	7738	7745	373	1349	423	1375	security	OTHER
478	7747	7749	1069	1333	1091	1360	tax	OTHER
479	7751	7758	1094	1334	1154	1360	withheld	OTHER
480	7869	7869	403	1803	412	1822	1	OTHER
481	7871	7876	1380	1347	1428	1371	Wages,	OTHER
482	7878	7882	1432	1348	1460	1371	tips,	OTHER
483	7884	7888	1463	1348	1497	1371	other	OTHER
484	7890	7893	1500	1347	1535	1371	comp	OTHER
485	7991	7996	714	1359	755	1381	Social	OTHER
486	7998	8005	757	1360	807	1384	security	OTHER
487	8007	8011	809	1363	850	1388	wages	OTHER
488	8112	8116	744	1375	784	1398	88381	OTHER
489	8118	8118	1775	1376	1780	1395	.	OTHER
490	8120	8121	795	1374	819	1397	67	OTHER
491	8142	8147	964	1366	1004	1397	Social	OTHER
492	8149	8156	1007	1369	1058	1398	security	OTHER
493	8157	8161	1066	1352	1105	1375	20678	OTHER
494	8164	8166	1107	1353	1130	1376	.11	OTHER
495	8313	8315	1737	1355	1757	1380	tax	OTHER
496	8317	8324	1762	1356	1816	1381	withheld	OTHER
497	8385	8385	682	2310	688	2334	2	OTHER
498	8387	8393	1632	1353	1682	1379	Federal	OTHER
499	8395	8400	1686	1354	1733	1380	income	OTHER
500	8402	8404	389	1386	412	1413	tax	OTHER
501	8406	8413	415	1386	480	1412	withheld	OTHER
502	8649	8653	1734	1376	1772	1395	20678	OTHER
503	8655	8655	1453	1410	1459	1430	.	OTHER
504	8657	8658	1783	1376	1803	1395	11	OTHER
505	8666	8673	79	1384	140	1407	Medicare	OTHER
506	8675	8679	142	1383	186	1406	wages	OTHER
507	8681	8683	188	1382	215	1406	and	OTHER
508	8685	8688	216	1382	238	1406	tips	OTHER
509	8705	8712	325	1386	386	1415	Medicare	OTHER
510	8714	8716	1061	1371	1082	1398	tax	OTHER
511	8718	8725	1085	1371	1147	1398	withheld	OTHER
512	8846	8851	1382	1384	1422	1405	Social	OTHER
513	8853	8860	1425	1387	1475	1407	security	OTHER
514	8862	8866	1477	1389	1519	1409	wages	OTHER
515	8930	8936	431	1405	492	1435	2551.27	OTHER
516	8963	8970	711	1399	770	1422	Medicare	OTHER
517	8972	8976	774	1399	816	1424	wages	OTHER
518	8978	8980	819	1401	845	1426	and	OTHER
519	8982	8985	848	1402	877	1428	tips	OTHER
520	8997	9004	961	1405	1019	1436	Medicare	OTHER
521	9007	9009	1729	1397	1748	1420	tax	OTHER
522	9012	9019	1752	1394	1813	1419	withheld	OTHER
523	9056	9060	1413	1410	1451	1431	68381	OTHER
524	9062	9062	125	1663	129	1685	.	OTHER
525	9064	9065	1461	1409	1484	1429	67	OTHER
526	9101	9102	1715	1398	1725	1421	by	OTHER
527	9104	9106	1023	1408	1046	1436	tax	OTHER
528	9108	9115	1049	1409	1118	1435	withheld	OTHER
529	9122	9122	48	1422	62	1442	d	OTHER
530	9124	9130	75	1422	123	1444	Control	OTHER
531	9132	9137	125	1423	179	1446	number	OTHER
532	9139	9143	219	1424	262	1454	Dept.	OTHER
533	9145	9149	300	1431	339	1452	Corp.	OTHER
534	9184	9191	476	1433	530	1461	Employer	OTHER
535	9193	9195	534	1436	556	1463	use	OTHER
536	9197	9200	559	1438	595	1466	only	OTHER
537	9214	9221	744	1418	817	1442	87974.75	OTHER
538	9264	9269	1073	1433	1126	1454	651.27	OTHER
539	9303	9310	1377	1430	1439	1451	Medicare	OTHER
540	9313	9317	1440	1430	1485	1451	wages	OTHER
541	9319	9321	1486	1428	1512	1451	and	OTHER
542	9323	9326	1513	1426	1543	1450	tips	OTHER
543	9338	9345	1628	1432	1689	1457	Medicare	OTHER
544	9347	9349	1691	1433	1715	1458	tax	OTHER
545	9351	9356	1732	1420	1787	1442	6761.2	OTHER
546	9593	9600	1717	1434	1784	1459	withheld	OTHER
547	9607	9613	47	1441	109	1463	2075552	OTHER
548	9624	9633	77	1453	148	1482	Employer's	OTHER
549	9635	9638	150	1458	184	1484	name	OTHER
550	9640	9640	186	1460	191	1485	,	OTHER
551	9642	9648	194	1461	241	1486	address	OTHER
552	9650	9650	243	1462	249	1487	,	OTHER
553	9652	9654	251	1462	276	1487	and	OTHER
554	9656	9658	278	1463	301	1487	ZIP	OTHER
555	9660	9663	303	1463	342	1487	code	OTHER
556	9708	9714	707	1445	752	1469	Control	OTHER
557	9716	9721	755	1444	811	1467	number	OTHER
558	9723	9727	869	1450	915	1477	Dept.	OTHER
559	9729	9733	935	1452	966	1478	Corp.	OTHER
560	9763	9770	1109	1456	1165	1482	Employer	OTHER
561	9772	9774	1169	1458	1191	1483	use	OTHER
562	9776	9779	1195	1459	1229	1483	only	OTHER
563	9802	9807	1411	1443	1458	1466	87974.	OTHER
564	9809	9810	1460	1441	1484	1464	75	OTHER
565	9848	9854	1731	1453	1797	1482	2551.27	OTHER
566	9866	9878	89	1476	243	1507	Martinez-Luna	OTHER
567	9880	9882	245	1479	286	1507	PLC	OTHER
568	9950	9959	708	1475	778	1503	Employer's	OTHER
569	9961	9965	781	1479	823	1506	name,	OTHER
570	9968	9968	1347	1471	1359	1489	d	OTHER
571	9974	9974	172	1895	176	1917	,	OTHER
572	9976	9978	883	1483	907	1508	and	OTHER
573	9980	9982	910	1484	932	1508	ZIP	OTHER
574	9984	9987	935	1484	971	1508	code	OTHER
575	10040	10046	1374	1466	1423	1487	Control	OTHER
576	10048	10050	1425	1464	1445	1485	nur	OTHER
577	10094	10101	1777	1476	1833	1506	Employer	OTHER
578	10103	10105	1836	1481	1859	1508	use	OTHER
579	10107	10110	1862	1484	1897	1511	only	OTHER
580	10211	10218	740	1500	827	1531	Martinez	OTHER
581	10220	10224	830	1506	892	1531	-Luna	OTHER
582	10226	10228	896	1504	936	1531	PLC	OTHER
583	10294	10300	1347	1487	1406	1504	2075552	OTHER
584	10487	10496	1374	1502	1446	1527	Employer's	OTHER
585	10498	10502	1447	1504	1491	1528	name,	OTHER
586	10504	10511	826	1481	880	1507	address,	OTHER
587	10513	10515	1550	1507	1576	1530	and	OTHER
588	10517	10519	1578	1508	1605	1531	ZIP	OTHER
589	10542	10548	154	1508	241	1537	Matthew	OTHER
590	10550	10555	245	1511	316	1539	Tunnel	OTHER
591	10557	10560	320	1515	374	1541	Apt.	OTHER
592	10562	10564	378	1518	417	1543	779	OTHER
593	10577	10581	91	1530	150	1557	South	OTHER
594	10583	10591	156	1533	261	1562	Christine	OTHER
595	10593	10594	308	1539	334	1563	ND	OTHER
596	10596	10605	354	1541	470	1568	83703-3820	OTHER
597	10667	10671	743	1530	801	1556	16845	OTHER
598	10673	10679	805	1530	890	1558	Matthew	OTHER
599	10681	10686	896	1533	968	1561	Tunnel	OTHER
600	10688	10691	971	1536	1025	1563	Apt.	OTHER
601	10693	10695	1029	1540	1068	1565	779	OTHER
602	10756	10768	1407	1527	1559	1553	Martinez-Luna	OTHER
603	10770	10772	1564	1531	1602	1554	PLC	OTHER
604	10874	10878	740	1557	801	1581	South	OTHER
605	10880	10888	807	1558	905	1582	Christine	OTHER
606	10905	10906	959	1562	985	1586	ND	OTHER
607	10908	10917	1005	1563	1121	1591	83703-3820	OTHER
608	10965	10969	1409	1554	1468	1579	16845	OTHER
609	10971	10977	1472	1554	1558	1580	Matthew	OTHER
610	10979	10984	1564	1556	1637	1584	Tunnel	OTHER
611	10986	10989	1640	1561	1693	1587	Apt.	OTHER
612	10991	10993	1695	1566	1734	1590	779	OTHER
613	11004	11012	81	1590	142	1616	mployer's	OTHER
614	11014	11016	146	1593	172	1617	FED	OTHER
615	11018	11019	175	1594	189	1617	ID	OTHER
616	11021	11026	192	1595	252	1618	number	OTHER
617	11030	11039	321	1602	397	1626	Employee's	OTHER
618	11041	11043	400	1603	425	1627	SSA	OTHER
619	11045	11050	429	1603	487	1628	number	OTHER
620	11186	11190	1410	1578	1468	1604	South	OTHER
621	11192	11200	1473	1580	1580	1606	Christine	OTHER
622	11202	11203	1626	1581	1655	1607	ND	OTHER
623	11205	11209	1671	1585	1723	1612	83703	OTHER
624	11213	11216	1739	1588	1789	1613	3820	OTHER
625	11228	11237	119	619	206	652	15-0580989	einEmployerIdentificationNumber
626	11312	11321	703	1614	775	1639	Employer's	OTHER
627	11323	11325	777	1618	803	1639	FED	OTHER
628	11327	11328	806	1618	821	1639	ID	OTHER
629	11330	11335	824	1615	882	1639	number	OTHER
630	11348	11357	956	1624	1031	1647	Employee's	OTHER
631	11359	11361	1035	1624	1060	1648	SSA	OTHER
632	11363	11368	1064	1626	1113	1651	number	OTHER
633	11378	11383	73	1644	112	1668	Social	OTHER
634	11385	11392	116	1644	165	1671	security	OTHER
635	11394	11397	169	1648	188	1673	tips	OTHER
636	11472	11481	737	1640	812	1660	15-0580985	OTHER
637	11554	11563	1372	1637	1442	1662	Employer's	OTHER
638	11565	11567	1444	1640	1471	1663	FED	OTHER
639	11569	11570	1473	1641	1489	1663	ID	OTHER
640	11572	11577	1491	1641	1549	1665	number	OTHER
641	11596	11605	1623	1645	1698	1672	Employee's	OTHER
642	11607	11609	1701	1647	1728	1674	SSA	OTHER
643	11611	11616	1730	1649	1784	1677	number	OTHER
644	11627	11631	84	1661	122	1685	88381	OTHER
645	11633	11633	1442	1712	1449	1732	.	OTHER
646	11635	11636	132	1663	154	1686	67	OTHER
647	11654	11662	319	1653	379	1678	Allocated	OTHER
648	11664	11667	382	1653	417	1680	tips	OTHER
649	11714	11719	703	1666	743	1689	Social	OTHER
650	11721	11728	746	1667	796	1689	security	OTHER
651	11730	11733	799	1667	820	1689	tips	OTHER
652	11806	11815	85	1609	177	1636	15-0580989	OTHER
653	11865	11872	419	1672	485	1696	87974.75	OTHER
654	11946	11954	954	1675	1014	1700	Allocated	OTHER
655	11956	11959	1017	1677	1051	1703	tips	OTHER
656	12002	12007	1370	1688	1411	1712	Social	OTHER
657	12009	12016	1414	1689	1463	1715	security	OTHER
658	12018	12021	1465	1692	1488	1718	tips	OTHER
659	12028	12039	69	1693	143	1722	Verification	OTHER
660	12041	12041	146	1697	157	1723	C	OTHER
661	12056	12057	292	1697	317	1725	10	OTHER
662	12059	12067	320	1700	390	1728	Dependent	OTHER
663	12069	12072	393	1706	422	1729	care	OTHER
664	12074	12081	426	1707	478	1729	benefits	OTHER
665	12166	12171	1053	1695	1101	1720	87974.	OTHER
666	12173	12174	1103	1695	1123	1719	75	OTHER
667	12213	12217	1402	1707	1441	1731	88381	OTHER
668	12219	12219	1749	2115	1752	2140	.	OTHER
669	12221	12222	1450	1712	1474	1732	67	OTHER
670	12247	12255	1620	1696	1682	1724	Allocated	OTHER
671	12257	12260	1685	1698	1720	1725	tips	OTHER
672	12355	12366	700	1717	774	1743	Verification	OTHER
673	12368	12371	777	1721	810	1746	Code	OTHER
674	12389	12390	925	1724	949	1749	10	OTHER
675	12392	12400	955	1726	1026	1753	Dependent	OTHER
676	12402	12405	1029	1730	1056	1753	care	OTHER
677	12407	12414	1059	1730	1111	1754	benefits	OTHER
678	12509	12514	1723	1720	1767	1743	87974.	OTHER
679	12516	12517	1772	1721	1788	1743	75	OTHER
680	12523	12524	37	1748	60	1771	11	OTHER
681	12526	12537	70	1749	153	1773	Nonqualified	OTHER
682	12539	12542	155	1750	185	1773	plan	OTHER
683	12554	12556	289	1754	315	1782	12a	OTHER
684	12558	12560	320	1754	342	1782	See	OTHER
685	12562	12573	347	1755	419	1784	instructions	OTHER
686	12575	12577	423	1758	441	1784	for	OTHER
687	12579	12581	445	1759	470	1785	box	OTHER
688	12583	12584	474	1760	492	1785	12	OTHER
689	12704	12715	1366	1742	1446	1765	Verification	OTHER
690	12716	12717	1430	1752	1442	1773	in	OTHER
691	12719	12722	1446	1752	1486	1775	Code	OTHER
692	12745	12753	1622	1750	1692	1776	Dependent	OTHER
693	12755	12758	1696	1753	1723	1777	care	OTHER
694	12760	12767	1727	1754	1776	1778	benefits	OTHER
695	12860	12861	668	1767	690	1789	11	OTHER
696	12863	12874	701	1769	784	1794	Nonqualified	OTHER
697	12876	12880	786	1773	824	1795	plans	OTHER
698	12897	12899	922	1777	952	1802	12a	OTHER
699	12901	12903	955	1778	977	1803	See	OTHER
700	12905	12916	980	1778	1055	1805	instructions	OTHER
701	12918	12920	1058	1780	1076	1805	for	OTHER
702	12922	12924	1079	1781	1105	1806	box	OTHER
703	12926	12927	1108	1781	1128	1806	12	OTHER
704	12932	12933	34	1798	61	1824	14	OTHER
705	12935	12939	73	1799	112	1828	Other	OTHER
706	12984	12984	1704	1887	1712	1914	1	OTHER
707	12986	12989	416	1803	453	1823	2935	OTHER
708	13113	13124	1368	1794	1451	1817	Nonqualified	OTHER
709	13126	13130	1454	1794	1495	1817	plans	OTHER
710	13150	13152	1590	1800	1618	1827	12a	OTHER
711	13154	13156	1622	1800	1644	1827	See	OTHER
712	13158	13169	1648	1801	1721	1828	instructions	OTHER
713	13171	13173	1725	1804	1743	1829	for	OTHER
714	13175	13177	1746	1805	1771	1830	box	OTHER
715	13179	13180	1775	1806	1791	1831	12	OTHER
716	13218	13220	288	1812	319	1839	126	OTHER
717	13273	13274	667	1820	686	1841	14	OTHER
718	13276	13280	704	1820	743	1844	Other	OTHER
719	13370	13372	1399	1809	1431	1831	154	OTHER
720	13409	13411	284	1832	323	1868	120	OTHER
721	13499	13501	921	1832	951	1856	12b	OTHER
722	13558	13562	1371	1851	1408	1868	Other	OTHER
723	13617	13620	1718	1846	1756	1867	2935	OTHER
724	13657	13658	286	1857	296	1887	13	OTHER
725	13660	13663	301	1858	319	1888	Stat	OTHER
726	13665	13671	324	1860	367	1891	empRet.	OTHER
727	13673	13676	372	1863	407	1892	Plan	OTHER
728	13678	13680	412	1866	428	1893	3rd	OTHER
729	13682	13686	433	1867	461	1894	party	OTHER
730	13688	13691	465	1868	486	1895	sick	OTHER
731	13693	13695	490	1869	524	1895	pay	OTHER
732	13844	13846	1589	1859	1621	1886	126	OTHER
733	13849	13851	32	1888	59	1915	elf	OTHER
734	13853	13861	63	1890	131	1917	Employees	OTHER
735	13863	13866	135	1894	168	1917	name	OTHER
736	13868	13868	1724	2095	1729	2119	,	OTHER
737	13870	13876	180	1895	230	1918	address	OTHER
738	13878	13880	234	1896	258	1918	and	OTHER
739	13882	13884	261	1895	284	1918	ZIP	OTHER
740	13886	13889	287	1894	329	1918	code	OTHER
741	13971	13972	919	1883	932	1907	13	OTHER
742	13974	13977	935	1880	964	1906	Stat	OTHER
743	14108	14110	941	1886	954	1912	tat	OTHER
744	14112	14117	958	1883	1013	1911	empRet	OTHER
745	14201	14202	1588	1902	1596	1933	13	OTHER
746	14204	14207	1602	1903	1620	1936	stat	OTHER
747	14209	14215	1625	1905	1669	1940	emoRet.	OTHER
748	14217	14220	1675	1908	1709	1942	Plan	OTHER
749	14222	14224	1714	1910	1731	1943	3rd	OTHER
750	14225	14227	1716	1886	1751	1914	337	OTHER
751	14478	14482	1736	1911	1763	1944	party	OTHER
752	14484	14487	1768	1912	1789	1944	sick	OTHER
753	14489	14491	1793	1912	1818	1944	pay	OTHER
754	14500	14504	74	1930	139	1956	April	OTHER
755	14506	14514	151	1932	252	1959	Maldonado	OTHER
756	14583	14585	663	1914	688	1933	elf	OTHER
757	14587	14589	695	1913	719	1932	Emp	OTHER
758	14591	14593	742	1917	764	1939	ees	OTHER
759	14595	14599	767	1918	808	1941	name,	OTHER
760	14601	14607	811	1918	861	1941	address	OTHER
761	14609	14611	864	1917	889	1941	and	OTHER
762	14613	14615	891	1916	914	1941	ZIP	OTHER
763	14617	14620	916	1914	941	1941	code	OTHER
764	14802	14804	1330	1937	1356	1959	elf	OTHER
765	14806	14814	1361	1938	1432	1961	Employees	OTHER
766	14816	14820	1435	1940	1477	1963	name,	OTHER
767	14822	14828	1479	1941	1530	1964	address	OTHER
768	14830	14832	1532	1941	1558	1965	and	OTHER
769	14834	14836	1560	1941	1582	1965	ZIP	OTHER
770	14838	14841	1584	1940	1618	1966	code	OTHER
771	14851	14853	75	1958	115	1984	571	OTHER
772	14855	14861	118	1958	203	1984	Stephen	OTHER
773	14863	14869	207	1961	292	1986	Prairie	OTHER
774	14871	14875	295	1964	358	1988	Suite	OTHER
775	14877	14879	361	1966	398	1990	873	OTHER
776	14940	14944	725	1954	786	1980	April	OTHER
777	14946	14954	802	1954	900	1983	Maldonado	OTHER
778	14963	14966	73	1979	125	2006	West	OTHER
779	14968	14978	129	1983	256	2010	Sharonburgh	OTHER
780	14980	14981	304	1987	333	2014	RI	OTHER
781	14983	14992	349	1990	467	2018	52374-1906	OTHER
782	15054	15056	728	1981	765	2007	571	OTHER
783	15058	15064	770	1981	852	2007	Stephen	OTHER
784	15066	15072	857	1982	942	2009	Prairie	OTHER
785	15074	15078	947	1985	1008	2012	Suite	OTHER
786	15080	15082	1013	1988	1048	2014	873	OTHER
787	15147	15151	1395	1975	1456	2004	April	OTHER
788	15153	15161	1469	1979	1577	2007	Maldonado	OTHER
789	15260	15263	723	2002	774	2030	West	OTHER
790	15265	15275	781	2006	906	2033	Sharonburgh	OTHER
791	15277	15278	955	2010	983	2036	RI	OTHER
792	15280	15289	1000	2013	1116	2041	52374-1906	OTHER
793	15354	15356	1395	2005	1432	2029	571	OTHER
794	15358	15364	1437	2005	1520	2030	Stephen	OTHER
795	15366	15372	1525	2007	1609	2033	Prairie	OTHER
796	15374	15378	1613	2009	1674	2036	Suite	OTHER
797	15380	15382	1680	2012	1718	2039	873	OTHER
798	15386	15387	27	2036	50	2060	15	OTHER
799	15389	15393	61	2037	97	2068	State	OTHER
800	15395	15404	134	2039	198	2065	Employers'	OTHER
801	15406	15410	200	2043	229	2067	state	OTHER
802	15412	15413	232	2044	243	2068	ID	OTHER
803	15415	15417	246	2045	276	2070	no.	OTHER
804	15419	15420	278	2046	301	2071	16	OTHER
805	15422	15426	314	2047	345	2072	State	OTHER
806	15428	15432	348	2047	388	2073	wages	OTHER
807	15573	15576	1390	2028	1442	2052	West	OTHER
808	15578	15588	1448	2029	1575	2056	Sharonburgh	OTHER
809	15590	15591	1622	2033	1651	2059	RI	OTHER
810	15593	15602	1667	2037	1783	2062	52374-1906	OTHER
811	15609	15610	68	2053	96	2081	AZ	OTHER
812	15612	15620	132	2057	213	2084	30-17-525	OTHER
813	15654	15659	390	2052	426	2075	,tips,	OTHER
814	15712	15716	405	2067	445	2092	52708	OTHER
815	15718	15721	428	2056	462	2077	etc.	OTHER
816	15781	15783	447	2070	471	2093	.05	OTHER
817	15833	15842	785	2068	848	2089	Employers'	OTHER
818	15844	15848	851	2067	879	2090	state	OTHER
819	15850	15851	881	2068	895	2090	ID	OTHER
820	15853	15854	897	2068	911	2091	no	OTHER
821	15856	15857	913	2068	934	2091	16	OTHER
822	15859	15863	948	2069	982	2093	State	OTHER
823	15865	15870	984	2070	1031	2095	wages,	OTHER
824	15872	15876	1033	2073	1061	2097	tips,	OTHER
825	15878	15881	1063	2076	1093	2099	etc.	OTHER
826	15884	15885	26	2087	46	2109	17	OTHER
827	15887	15891	65	2089	96	2112	State	OTHER
828	15893	15898	99	2091	149	2112	income	OTHER
829	15900	15902	151	2092	179	2112	tax	OTHER
830	15992	16000	783	2081	863	2105	30-17-525	OTHER
831	16032	16036	1040	2089	1077	2116	52708	OTHER
832	16038	16040	1081	2091	1105	2116	.05	OTHER
833	16063	16064	1326	2080	1346	2105	15	OTHER
834	16066	16070	1360	2085	1398	2115	State	OTHER
835	16072	16081	1452	2089	1515	2114	Employers'	OTHER
836	16083	16087	1518	2091	1546	2115	state	OTHER
837	16089	16090	1549	2092	1561	2115	ID	OTHER
838	16092	16093	1564	2092	1579	2116	no	OTHER
839	16095	16096	1582	2092	1603	2117	16	OTHER
840	16098	16102	1616	2093	1648	2118	State	OTHER
841	16104	16109	1651	2094	1698	2118	wages,	OTHER
842	16111	16114	1701	2095	1720	2119	tips	OTHER
843	16118	16121	1732	2095	1757	2119	etc.	OTHER
844	16158	16162	309	2098	346	2126	Local	OTHER
845	16164	16169	348	2101	394	2129	wages,	OTHER
846	16171	16175	397	2106	424	2131	tips,	OTHER
847	16177	16180	426	2109	464	2134	etc.	OTHER
848	16362	16366	1707	2112	1746	2140	52708	OTHER
849	16472	16477	720	2125	773	2147	2780.1	OTHER
850	16581	16586	730	2113	779	2135	income	OTHER
851	16588	16590	782	2112	807	2134	tax	OTHER
852	16609	16610	912	2119	936	2146	18	OTHER
853	16612	16616	944	2120	979	2148	Local	OTHER
854	16618	16623	983	2123	1029	2152	wages,	OTHER
855	16625	16628	1032	2128	1052	2155	tips	OTHER
856	16630	16632	1055	2131	1085	2160	-87	OTHER
857	16634	16635	1088	2136	1105	2163	66	OTHER
858	16647	16650	71	2146	96	2166	ocal	OTHER
859	16652	16657	1398	2136	1446	2159	income	OTHER
860	16659	16661	1449	2136	1473	2159	tax	OTHER
861	16676	16677	275	2146	301	2174	20	OTHER
862	16679	16686	308	2148	358	2178	Locality	OTHER
863	16688	16691	361	2152	410	2180	name	OTHER
864	16822	16826	1362	2134	1394	2158	State	OTHER
865	16828	16833	99	2145	149	2166	income	OTHER
866	16835	16837	151	2143	177	2166	tax	OTHER
867	16861	16865	1611	2145	1647	2173	Local	OTHER
868	16867	16872	1650	2148	1696	2178	wages,	OTHER
869	16874	16878	1699	2153	1754	2183	"""5787"	OTHER
870	16880	16881	1756	2160	1775	2185	66	OTHER
871	16892	16899	69	2158	139	2180	12916.78	OTHER
872	16943	16949	405	2173	462	2198	Maxwell	OTHER
873	16951	16954	466	2169	504	2198	Road	OTHER
874	16979	16982	700	2165	727	2187	ocal	OTHER
875	16984	16989	731	2166	779	2189	income	OTHER
876	16991	16992	781	2168	796	2189	ta	OTHER
877	17011	17012	909	2168	933	2194	20	OTHER
878	17014	17021	942	2169	994	2199	Locality	OTHER
879	17023	17026	997	2174	1044	2205	name	OTHER
880	17125	17129	716	2181	756	2204	12916	OTHER
881	17131	17133	757	2180	790	2203	.78	OTHER
882	17178	17184	1037	2191	1097	2220	Maxwell	OTHER
883	17186	17189	1100	2194	1137	2220	Road	OTHER
884	17206	17207	1322	2185	1342	2205	19	OTHER
885	17209	17213	1358	2188	1395	2210	Local	OTHER
886	17215	17220	1398	2190	1447	2211	income	OTHER
887	17222	17224	1449	2190	1469	2211	tax	OTHER
888	17253	17260	1610	2197	1661	2222	Locality	OTHER
889	17262	17268	1702	2214	1764	2241	Maxwell	OTHER
890	17508	17511	1664	2198	1710	2224	name	OTHER
891	17513	17516	1767	2214	1803	2241	Road	OTHER
892	17537	17543	129	2199	200	2227	Federal	OTHER
893	17560	17565	280	2205	332	2232	Filing	OTHER
894	17581	17584	425	2212	472	2236	Copy	OTHER
895	17706	17713	1385	2203	1455	2225	12916.78	OTHER
896	17744	17747	203	2226	260	2253	Wage	OTHER
897	17767	17769	352	2230	387	2254	Tax	OTHER
898	17822	17824	772	2222	800	2249	AZ.	OTHER
899	17826	17830	804	2222	854	2251	State	OTHER
900	17832	17837	914	2226	965	2253	Filing	OTHER
901	17842	17844	24	2248	88	2279	W-2	OTHER
902	17868	17876	196	2250	282	2276	Statement	OTHER
903	17957	17960	846	2247	903	2273	Wage	OTHER
904	17962	17964	922	2253	959	2273	and	OTHER
905	17966	17968	987	2254	1021	2277	Tax	OTHER
906	17970	17973	1061	2232	1107	2258	Copy	OTHER
907	18034	18037	1425	2246	1458	2272	City	OTHER
908	18039	18040	1462	2246	1478	2272	or	OTHER
909	18042	18046	1482	2247	1541	2278	Local	OTHER
910	18048	18053	1582	2251	1634	2277	Filing	OTHER
911	18083	18086	1727	2256	1773	2282	Copy	OTHER
912	18149	18152	415	2262	491	2296	2018	OTHER
913	18176	18178	653	2273	712	2303	W-2	OTHER
914	18207	18215	839	2272	934	2297	Statement	OTHER
915	18307	18309	1589	2276	1625	2296	and	OTHER
916	18311	18313	1655	2277	1689	2299	Tax	OTHER
917	18315	18318	18	2288	48	2312	Copy	OTHER
918	18322	18323	64	2289	76	2313	to	OTHER
919	18325	18326	80	2289	93	2314	be	OTHER
920	18328	18332	97	2290	120	2315	filed	OTHER
921	18334	18337	124	2290	148	2316	with	OTHER
922	18339	18348	151	2291	217	2318	employee's	OTHER
923	18350	18356	220	2292	263	2320	Federal	OTHER
924	18358	18363	266	2293	310	2321	Income	OTHER
925	18365	18367	314	2295	335	2322	Tax	OTHER
926	18369	18374	338	2295	385	2323	Return	OTHER
927	18376	18378	399	2297	427	2325	OMB	OTHER
928	18380	18382	430	2299	453	2325	No.	OTHER
929	18384	18392	456	2299	520	2327	1545-0008	OTHER
930	18466	18469	1050	2286	1121	2319	2018	OTHER
931	18493	18495	1322	2298	1380	2323	W-2	OTHER
932	18523	18531	1505	2296	1597	2322	Statement	OTHER
933	18620	18623	648	2310	678	2334	Copy	OTHER
934	18625	18625	1351	2336	1357	2358	2	OTHER
935	18627	18628	691	2311	705	2334	to	OTHER
936	18630	18631	708	2311	722	2335	be	OTHER
937	18633	18637	725	2312	749	2335	filed	OTHER
938	18639	18642	753	2312	777	2336	with	OTHER
939	18644	18653	781	2313	847	2338	employee's	OTHER
940	18655	18659	850	2316	881	2339	State	OTHER
941	18661	18666	884	2317	927	2340	Income	OTHER
942	18668	18670	930	2319	952	2341	Tax	OTHER
943	18672	18677	954	2320	1004	2343	Return	OTHER
944	18679	18681	1033	2321	1063	2345	OMB	OTHER
945	18683	18685	1066	2322	1089	2346	No.	OTHER
946	18687	18695	1092	2323	1159	2348	1545-0008	OTHER
947	18775	18778	1716	2308	1787	2340	2018	OTHER
948	18958	18961	1317	2334	1347	2357	Copy	OTHER
949	18965	18966	1361	2336	1371	2358	to	OTHER
950	18968	18969	1375	2337	1389	2358	be	OTHER
951	18971	18975	1393	2337	1416	2359	filed	OTHER
952	18977	18980	1421	2338	1444	2360	with	OTHER
953	18982	18991	1448	2339	1514	2362	employee's	OTHER
954	18993	18996	1518	2342	1540	2363	City	OTHER
955	18998	18999	1544	2342	1554	2363	or	OTHER
956	19001	19005	1559	2343	1589	2364	Local	OTHER
957	19007	19012	1594	2344	1636	2366	Income	OTHER
958	19014	19016	1640	2345	1661	2366	Tax	OTHER
959	19018	19024	1665	2346	1729	2369	ReturnB	OTHER
960	19026	19028	1733	2347	1755	2369	No.	OTHER
961	19030	19038	1759	2347	1818	2372	1545-0008	OTHER
