	0	0.1	720	267	768	306	This	OTHER
0	0	0	826	242	930	289	Earnings	OTHER
1	0	0	1103	671	1144	700	was	OTHER
2	0	0	1061	911	1136	951	Profile.	OTHER
3	0	0	168	954	246	988	185890.37	OTHER
4	0	0	595	1601	666	1639	withheld	OTHER
5	0	0	268	1700	314	1730	Control	OTHER
6	0	0	1700	1951	1741	1983	name,	OTHER
7	0	0	540	1985	566	2019	12a	OTHER
8	0	0	373	2239	509	2280	Andersonland	OTHER
9	0	0	636	2369	683	2404	Locality	OTHER
10	0	0	542	2484	627	2522	Statement	OTHER
11	238	240	1751	48	1817	91	ADP	OTHER
12	345	348	779	199	895	258	2018	OTHER
13	350	352	1366	167	1417	202	W-2	OTHER
14	354	356	997	169	1090	229	and	OTHER
15	358	365	1093	128	1349	215	EARNINGS	OTHER
16	367	373	1359	85	1608	174	SUMMARY	OTHER
17	469	470	1132	208	1155	239	is	OTHER
18	472	475	771	259	823	298	blue	OTHER
19	478	478	1679	824	1692	853	a	OTHER
20	481	482	1700	118	1723	151	in	OTHER
21	486	492	933	225	1045	271	Summary	OTHER
22	494	500	1047	211	1130	253	section	OTHER
23	502	502	538	1243	547	1264	i	OTHER
24	505	512	1158	192	1255	235	included	OTHER
25	514	517	1258	184	1309	219	with	OTHER
26	519	522	1311	175	1364	211	your	OTHER
27	524	526	895	184	994	243	W-2	OTHER
28	528	529	1419	162	1445	194	to	OTHER
29	531	534	1447	153	1504	190	help	OTHER
30	536	543	1506	138	1600	180	describe	OTHER
31	545	552	1602	122	1698	166	portions	OTHER
32	571	574	1652	268	1682	287	3138	OTHER
33	576	576	1684	267	1697	284	2	OTHER
34	577	577	524	1270	540	1294	i	OTHER
35	580	583	1725	107	1793	147	more	OTHER
36	585	590	1795	97	1853	136	detail	OTHER
37	685	687	724	295	768	330	The	OTHER
38	689	695	770	282	858	323	reverse	OTHER
39	697	700	860	275	909	309	side	OTHER
40	702	709	912	260	1010	301	includes	OTHER
41	711	717	1013	247	1100	285	general	OTHER
42	719	729	1103	226	1231	271	information	OTHER
43	731	734	1234	218	1280	250	that	OTHER
44	736	738	1284	211	1326	243	you	OTHER
45	740	742	1330	201	1381	235	may	OTHER
46	744	747	1385	193	1434	226	also	OTHER
47	749	752	1438	185	1479	218	find	OTHER
48	753	754	1459	293	1471	318	IA	OTHER
49	756	756	1473	293	1476	318	.	OTHER
50	757	764	1484	170	1564	210	helpful.	OTHER
51	771	775	1478	291	1511	318	State	OTHER
52	777	782	1512	284	1564	316	Income	OTHER
53	784	786	1564	278	1590	308	Tax	OTHER
54	789	796	1656	298	1712	329	28506.89	OTHER
55	847	850	428	319	473	346	Copy	OTHER
56	957	964	1300	317	1360	342	18122.15	OTHER
57	973	975	1465	325	1498	347	Box	OTHER
58	977	982	1504	318	1554	347	Income	OTHER
59	984	986	1556	313	1579	341	Tax	OTHER
60	1015	1023	264	333	361	372	Reference	OTHER
61	1024	1026	366	360	397	383	Tax	OTHER
62	1126	1131	1151	348	1197	372	Social	OTHER
63	1133	1140	1197	331	1255	371	Security	OTHER
64	1164	1166	1468	357	1499	380	Box	OTHER
65	1168	1169	1500	355	1515	379	19	OTHER
66	1171	1172	1517	353	1530	376	of	OTHER
67	1175	1176	1532	348	1547	374	W.	OTHER
68	1178	1178	1550	344	1563	369	2	OTHER
69	1189	1196	125	358	221	398	Employee	OTHER
70	1212	1214	301	368	336	393	and	OTHER
71	1222	1225	1256	288	1306	323	2018	OTHER
72	1279	1280	796	365	820	396	1.	OTHER
73	1282	1284	821	359	861	392	The	OTHER
74	1286	1294	862	344	954	385	following	OTHER
75	1296	1306	955	324	1076	371	information	OTHER
76	1431	1438	995	366	1060	395	229010.8	OTHER
77	1440	1447	1077	312	1154	351	reflects	OTHER
78	1449	1450	1167	380	1184	406	ox	OTHER
79	1451	1454	1755	211	1803	246	your	OTHER
80	1600	1600	1186	379	1194	402	4	OTHER
81	1602	1603	1195	376	1209	400	of	OTHER
82	1605	1607	1210	366	1242	396	W.2	OTHER
83	1608	1612	1208	296	1254	331	final	OTHER
84	1614	1617	431	376	505	410	2018	taxYear
85	1619	1621	1308	281	1349	315	pay	OTHER
86	1623	1626	1351	274	1397	308	stub	OTHER
87	1628	1631	1400	266	1447	301	plus	OTHER
88	1633	1635	1450	259	1488	293	any	OTHER
89	1637	1647	1491	239	1619	287	adjustments	OTHER
90	1649	1657	1622	223	1723	266	submitted	OTHER
91	1659	1660	1726	219	1751	250	by	OTHER
92	1662	1665	1156	304	1206	339	your	OTHER
93	1667	1675	1807	194	1916	238	employer.	OTHER
94	1700	1708	219	394	290	427	Statement	OTHER
95	1783	1787	863	390	902	421	Gross	OTHER
96	1789	1791	901	383	930	411	Pay	OTHER
97	1841	1847	1337	393	1391	426	6008.15	OTHER
98	1891	1893	422	417	450	444	OMB	OTHER
99	1895	1897	453	414	476	439	No.	OTHER
100	1899	1907	479	404	544	436	1545-0008	OTHER
101	1989	1996	1162	430	1227	458	Medicare	OTHER
102	1998	2000	1228	427	1250	450	Tax	OTHER
103	2027	2029	1482	428	1508	453	Box	OTHER
104	2031	2032	1512	426	1525	451	14	OTHER
105	2034	2035	1529	424	1541	450	of	OTHER
106	2037	2039	1545	419	1572	448	W.2	OTHER
107	2041	2043	43	438	111	473	W-2	OTHER
108	2086	2093	472	434	526	464	Employer	OTHER
109	2095	2097	530	431	553	457	use	OTHER
110	2099	2102	557	427	591	454	only	OTHER
111	2165	2172	1003	452	1064	478	24998.29	OTHER
112	2181	2188	1168	454	1236	480	Withheld	OTHER
113	2209	2212	219	483	244	514	Dept	OTHER
114	2214	2216	249	480	284	513	150	OTHER
115	2297	2300	877	482	909	506	Fed.	OTHER
116	2302	2307	909	471	966	503	Income	OTHER
117	2331	2333	1171	472	1197	495	BOX	OTHER
118	2335	2335	1199	471	1209	495	6	OTHER
119	2337	2338	1211	469	1225	494	of	OTHER
120	2340	2340	1227	467	1238	493	W	OTHER
121	2343	2343	1240	466	1242	491	-	OTHER
122	2345	2345	1244	463	1256	490	2	OTHER
123	2347	2347	51	500	68	525	d	OTHER
124	2349	2355	78	489	123	520	Control	OTHER
125	2357	2358	126	480	163	510	my	OTHER
126	2456	2458	884	503	907	528	Tax	OTHER
127	2460	2467	909	490	968	523	Withheld	OTHER
128	2469	2475	53	517	116	545	8780948	OTHER
129	2578	2580	886	522	912	548	Box	OTHER
130	2582	2582	916	521	922	544	2	OTHER
131	2584	2585	926	518	938	542	of	OTHER
132	2587	2588	942	515	955	540	W.	OTHER
133	2590	2590	959	512	970	538	2	OTHER
134	2592	2602	58	540	157	573	.Employer's	OTHER
135	2604	2607	161	536	193	565	name	OTHER
136	2609	2609	197	535	201	561	,	OTHER
137	2611	2618	205	527	258	560	address,	OTHER
138	2620	2622	262	522	284	552	and	OTHER
139	2624	2626	288	518	309	548	ZIP	OTHER
140	2628	2631	313	511	349	544	code	OTHER
141	2640	2646	105	561	186	598	Beasley	employerName
142	2648	2650	237	548	274	579	LLC	employerName
143	2652	2654	193	554	232	585	LLC	employerName
144	2844	2849	1635	585	1680	611	Denise	OTHER
145	2851	2854	1682	578	1717	609	Neck	OTHER
146	2863	2865	111	591	149	618	009	employerAddressStreet_name
147	2867	2873	155	581	236	615	collins	employerAddressStreet_name
148	2875	2878	240	574	290	607	Ways	employerAddressStreet_name
149	2880	2884	295	564	354	600	Suite	employerAddressStreet_name
150	2886	2888	361	558	389	588	050	employerAddressStreet_name
151	3048	3054	1514	602	1559	634	A.State	OTHER
152	3056	3061	1562	588	1623	626	Wages,	OTHER
153	3063	3067	1640	602	1673	630	Local	OTHER
154	3069	3073	1677	601	1718	627	Wages	OTHER
155	3075	3075	1722	601	1724	625	.	OTHER
156	3086	3095	115	610	227	650	Parkshaven	employerAddressCity
157	3097	3098	234	604	261	633	Co	employerAddressState
158	3100	3109	279	583	393	626	52069-5665	employerAddressZip
159	3242	3247	1304	634	1346	665	Social	OTHER
160	3249	3252	1349	629	1380	659	Secu	OTHER
161	3254	3259	1383	619	1432	653	Medica	OTHER
162	3270	3272	1515	638	1542	667	BOX	OTHER
163	3274	3275	1545	636	1560	663	16	OTHER
164	3277	3278	1563	635	1575	662	of	OTHER
165	3280	3281	1578	634	1592	661	W.	OTHER
166	3283	3283	1597	633	1614	661	2	OTHER
167	3285	3287	1644	637	1672	664	BOX	OTHER
168	3289	3290	1676	636	1689	663	18	OTHER
169	3292	3293	1693	635	1703	663	of	OTHER
170	3295	3296	1708	633	1734	661	W2	OTHER
171	3347	3352	473	640	553	671	#02021	OTHER
172	3408	3409	842	653	863	685	2.	OTHER
173	3411	3414	866	645	917	681	Your	OTHER
174	3416	3420	920	635	982	673	Gross	OTHER
175	3422	3424	985	629	1025	663	Pay	OTHER
176	3427	3428	1165	603	1190	635	as	OTHER
177	3430	3437	1072	607	1162	649	adjusted	OTHER
178	3475	3479	329	665	394	695	Batch	OTHER
179	3583	3585	1028	622	1070	656	was	OTHER
180	3587	3587	360	861	384	894	a	OTHER
181	3591	3593	1195	655	1214	685	the	OTHER
182	3594	3600	1193	591	1267	630	follows	OTHER
183	3602	3603	1269	587	1291	618	to	OTHER
184	3605	3611	1293	573	1380	614	produce	OTHER
185	3780	3784	1308	653	1362	686	Wages	OTHER
186	3786	3789	1382	565	1432	600	your	OTHER
187	3791	3793	1434	557	1478	591	W-2	OTHER
188	3795	3804	1481	539	1591	584	Statement.	OTHER
189	3972	3974	1310	677	1334	707	Box	OTHER
190	3976	3976	1339	675	1346	703	3	OTHER
191	3978	3979	1432	661	1441	691	of	OTHER
192	3981	3986	1365	665	1415	700	W.2Box	OTHER
193	3988	3988	1420	663	1427	693	5	OTHER
194	3990	3991	1351	673	1360	702	of	OTHER
195	3993	3993	1446	658	1454	689	W	OTHER
196	3995	3996	1459	655	1478	686	.2	OTHER
197	4192	4199	1530	691	1589	726	229010.8	OTHER
198	4213	4214	1655	711	1684	733		OTHER
199	4383	4388	1317	725	1374	759	229011	OTHER
200	4396	4402	1404	713	1454	747	229010.	OTHER
201	4432	4436	1660	731	1697	760	24998	OTHER
202	4438	4439	1700	729	1724	757	20	OTHER
203	4445	4447	88	744	114	774	elf	OTHER
204	4449	4457	118	735	187	770	Employees	OTHER
205	4459	4462	190	729	223	760	name	OTHER
206	4464	4464	226	728	232	755	,	OTHER
207	4466	4472	235	719	284	753	address	OTHER
208	4474	4476	288	714	311	745	and	OTHER
209	4478	4480	314	709	335	740	ZIP	OTHER
210	4482	4485	338	700	381	735	code	OTHER
211	4610	4613	1321	743	1365	779	3686	OTHER
212	4615	4618	1399	730	1446	767	3636	OTHER
213	4636	4643	1534	740	1587	768	24998.29	OTHER
214	4844	4847	1549	758	1580	786	5890	OTHER
215	4849	4850	1579	754	1593	779	37	OTHER
216	4863	4864	139	791	160	822	Mr	employeeName
217	4866	4866	164	788	184	816	.	OTHER
218	4868	4871	197	781	249	811	Tony	employeeName
219	4997	5000	1119	771	1151	802	3686	OTHER
220	5002	5009	1151	752	1217	793	29070.81	OTHER
221	5022	5025	1331	783	1364	820	4938	OTHER
222	5027	5028	1362	775	1397	812	20	OTHER
223	5030	5034	1403	768	1444	803	24998	OTHER
224	5036	5037	1443	765	1468	796	29	OTHER
225	5052	5055	145	812	195	845	9221	OTHER
226	5057	5060	198	804	248	836	Ryan	OTHER
227	5062	5066	254	793	316	827	Cliff	OTHER
228	5068	5071	318	786	372	818	Apt.	OTHER
229	5077	5086	345	796	453	837	28850-0178	OTHER
230	5133	5135	374	780	413	810	373	OTHER
231	5202	5203	883	813	895	839	Is	OTHER
232	5205	5211	896	794	965	834	GTGross	OTHER
233	5213	5215	965	788	1002	815	Pay	OTHER
234	5233	5236	1125	798	1183	829	3052	OTHER
235	5251	5262	149	823	285	861	Andersonland	OTHER
236	5264	5265	291	816	317	845	co	OTHER
237	5350	5353	870	827	900	856	THIS	OTHER
238	5354	5355	887	837	900	861	ss	OTHER
239	5357	5359	901	820	926	847	GIL	OTHER
240	5480	5485	903	831	938	859	401(k)	OTHER
241	5486	5491	927	807	974	840	(C-Box	OTHER
242	5621	5626	941	820	986	853	(D-Box	OTHER
243	5627	5629	975	801	997	828	12)	OTHER
244	5630	5631	988	815	1001	841	2)	OTHER
245	5639	5646	1128	822	1185	852	185890.3	OTHER
246	5692	5701	387	849	462	890	Employee's	OTHER
247	5703	5713	491	853	576	889	842-39-2152	ssnOfEmployee
248	5772	5774	465	845	491	877	SSA	OTHER
249	5776	5781	494	838	561	872	number	OTHER
250	5828	5835	874	867	934	893	Reported	OTHER
251	5837	5839	937	863	962	888	W-2	OTHER
252	5841	5844	966	855	1000	883	Wage	OTHER
253	5940	5941	1747	875	1768	908	MA	OTHER
254	5943	5945	1771	869	1786	898	39-	OTHER
255	5947	5950	1790	867	1821	894	2152	OTHER
256	5963	5972	145	894	214	925	Employer's	OTHER
257	5987	5996	160	903	247	939	10-5048072	einEmployerIdentificationNumber
258	5997	5999	217	889	242	915	FED	OTHER
259	6002	6003	245	886	260	911	ID	OTHER
260	6005	6010	263	874	318	908	number	OTHER
261	6015	6015	369	911	391	945	2	OTHER
262	6017	6023	394	904	444	940	Federal	OTHER
263	6025	6030	449	897	493	931	income	OTHER
264	6032	6034	499	894	518	923	tax	OTHER
265	6036	6039	1786	803	1828	837	with	OTHER
266	6043	6043	1526	1508	1541	1533	d	OTHER
267	6173	6179	1559	902	1603	935	Taxable	OTHER
268	6181	6187	1606	895	1647	928	Marital	OTHER
269	6189	6194	1651	891	1684	923	Status	OTHER
270	6196	6196	1688	889	1700	919	:	OTHER
271	6254	6261	500	905	572	941	24998.29	box2FederalIncomeTaxWithheld
272	6272	6272	121	954	137	976	1	OTHER
273	6274	6278	151	948	192	974	Wages	OTHER
274	6279	6279	533	1213	543	1230	1	OTHER
275	6280	6280	520	1882	547	1917	8	OTHER
276	6281	6281	233	1661	248	1685	5	OTHER
277	6283	6283	156	1168	172	1193	9	OTHER
278	6285	6285	304	925	317	952	.	OTHER
279	6286	6286	130	1004	144	1027	3	OTHER
280	6287	6287	148	1119	162	1141	7	OTHER
281	6306	6306	226	943	229	965	,	OTHER
282	6308	6311	203	944	222	968	tips	OTHER
283	6313	6313	196	947	199	969	,	OTHER
284	6315	6319	232	936	267	964	other	OTHER
285	6321	6324	269	929	301	958	comp	OTHER
286	6326	6326	995	1015	1014	1040	.	OTHER
287	6328	6328	378	960	400	991	4	OTHER
288	6330	6335	406	957	443	989	social	OTHER
289	6337	6344	447	952	495	985	security	OTHER
290	6403	6404	888	946	911	979	3.	OTHER
291	6406	6413	1298	869	1399	913	Employee	OTHER
292	6415	6417	1740	809	1784	844	W-4	OTHER
293	6422	6425	1642	826	1676	859	file	OTHER
294	6426	6426	604	1300	621	1325	.	OTHER
295	6428	6429	1138	906	1167	938	To	OTHER
296	6431	6436	1169	894	1246	933	change	OTHER
297	6438	6441	1831	795	1878	830	your	OTHER
298	6443	6450	913	930	1013	975	Employee	OTHER
299	6452	6454	1401	862	1446	897	W-4	OTHER
300	6456	6462	1448	852	1513	889	Profile	OTHER
301	6464	6475	1515	832	1640	879	Information,	OTHER
302	6488	6505	1563	916	1684	968	PEDERIONS/Allowand	OTHER
303	6724	6726	1694	817	1738	851	new	OTHER
304	6728	6730	1015	923	1059	958	W-4	OTHER
305	6732	6735	624	1571	651	1600	with	OTHER
306	6737	6740	1248	886	1296	921	your	OTHER
307	6742	6748	1881	783	1955	822	payroll	OTHER
308	6750	6754	1958	775	2007	811	dept.	OTHER
309	6815	6817	500	949	521	978	tax	OTHER
310	6819	6826	524	886	576	919	withheld	OTHER
311	6884	6891	508	956	579	994	18122.15	box4SocialSecurityTaxWithheld
312	7094	7098	1568	975	1611	1004	LOCAL	OTHER
313	7100	7100	1611	973	1618	996	:	OTHER
314	7112	7112	226	1628	246	1654	3	OTHER
315	7114	7119	161	999	200	1024	Social	OTHER
316	7121	7128	203	991	252	1020	security	OTHER
317	7130	7134	255	980	305	1013	wages	OTHER
318	7235	7236	972	1017	994	1043	Ar	OTHER
319	7238	7238	607	1318	609	1341	.	OTHER
320	7240	7243	1031	1005	1087	1034	Tony	OTHER
321	7259	7267	176	1013	254	1048	236890.91	box3SocialSecurityWages
322	7292	7299	413	1015	471	1048	Medicare	OTHER
323	7301	7303	476	1013	496	1041	tax	OTHER
324	7304	7307	519	1024	547	1053	6003	OTHER
325	7369	7376	525	941	581	974	withheld	OTHER
326	7442	7444	552	1022	576	1051	.15	OTHER
327	7460	7467	169	1055	228	1083	Medicare	OTHER
328	7469	7473	231	1048	274	1075	wages	OTHER
329	7475	7477	277	1044	301	1069	and	OTHER
330	7479	7482	304	1039	328	1065	tips	OTHER
331	7580	7583	975	1043	1031	1077	9221	OTHER
332	7585	7588	1035	1034	1094	1069	Ryan	OTHER
333	7590	7594	1099	1021	1174	1059	Cliff	OTHER
334	7596	7599	1178	1010	1240	1046	Apt.	OTHER
335	7601	7603	1242	1003	1280	1034	373	OTHER
336	7621	7629	187	1067	266	1099	207177.48	OTHER
337	7652	7660	424	1069	480	1102	Allocated	OTHER
338	7661	7666	525	1074	571	1105	207177	OTHER
339	7726	7729	486	1064	521	1096	tips	OTHER
340	7731	7733	575	1070	594	1099	.48	OTHER
341	7801	7810	976	1065	1111	1111	Parkshaven	OTHER
342	7812	7813	1117	1059	1151	1089	Co	OTHER
343	7815	7821	1170	1039	1266	1080	52069-5	OTHER
344	7838	7843	180	1113	219	1138	Social	OTHER
345	7845	7852	223	1106	271	1133	security	OTHER
346	7854	7857	274	1101	305	1127	tips	OTHER
347	7875	7883	194	1126	273	1152	236890.91	OTHER
348	7904	7905	407	1128	428	1155	10	OTHER
349	7907	7915	434	1118	502	1153	Dependent	OTHER
350	7917	7920	506	1114	533	1143	care	OTHER
351	7922	7929	537	1103	593	1138	benefits	OTHER
352	7946	7957	187	1159	258	1191	Verification	OTHER
353	7959	7962	262	1151	304	1180	Code	OTHER
354	7978	7979	596	1155	618	1183	12	OTHER
355	7982	7984	443	1177	467	1205	See	OTHER
356	7986	7997	471	1167	542	1202	instructions	OTHER
357	7999	8001	546	1163	564	1191	for	OTHER
358	8003	8005	568	1159	592	1188	box	OTHER
359	8007	8007	536	1226	546	1245	1	OTHER
360	8008	8008	1757	1342	1777	1373	2	OTHER
361	8023	8024	165	1223	186	1247	11	OTHER
362	8026	8037	197	1210	277	1243	Nonqualified	OTHER
363	8039	8043	281	1201	325	1230	plans	OTHER
364	8063	8065	210	1239	242	1262	194	OTHER
365	8109	8109	1504	1382	1527	1416	1	OTHER
366	8110	8110	222	1589	236	1611	1	OTHER
367	8112	8114	548	1223	578	1244	305	OTHER
368	8184	8187	546	1209	583	1229	3686	OTHER
369	8249	8251	550	1242	581	1263	334	OTHER
370	8267	8268	172	1278	193	1301	14	OTHER
371	8270	8274	210	1270	249	1296	Other	OTHER
372	8303	8305	429	1281	457	1306	120	OTHER
373	8307	8310	492	1278	511	1302	Ret.	OTHER
374	8313	8315	555	1267	572	1291	3rd	OTHER
375	8316	8319	515	1277	544	1301	Plan	OTHER
376	8320	8324	575	1264	600	1289	party	OTHER
377	8326	8329	604	1261	622	1286	sick	OTHER
378	8331	8333	625	1256	653	1283	pay	OTHER
379	8403	8407	566	1319	603	1344	29038	box16StateWagesTips
380	8409	8409	1685	1355	1696	1381	.	OTHER
381	8411	8412	613	1316	628	1340	17	box16StateWagesTips
382	8650	8650	1096	1445	1120	1478	2	OTHER
383	8652	8658	1782	1333	1832	1369	Federal	OTHER
384	8660	8665	1836	1328	1882	1362	income	OTHER
385	8667	8669	1887	1326	1907	1357	tax	OTHER
386	8671	8678	501	1007	566	1038	withheld	OTHER
387	8696	8697	187	1364	211	1393	15	OTHER
388	8699	8703	471	1319	501	1346	State	OTHER
389	8705	8714	293	1342	354	1376	Employers'	OTHER
390	8716	8720	358	1337	385	1365	state	OTHER
391	8722	8723	390	1335	399	1360	ID	OTHER
392	8725	8727	403	1330	432	1357	no.	OTHER
393	8729	8730	436	1326	460	1352	16	OTHER
394	8732	8736	222	1356	263	1388	State	OTHER
395	8766	8775	297	1354	385	1395	623-38-268	OTHER
396	8793	8797	476	1368	511	1398	Local	OTHER
397	8798	8802	506	1312	543	1340	wages	OTHER
398	8804	8804	548	1311	549	1334	,	OTHER
399	8806	8810	554	1306	581	1333	tips,	OTHER
400	8874	8879	516	1365	559	1393	wages,	OTHER
401	8882	8886	564	1363	590	1389	tips,	OTHER
402	8887	8889	586	1304	599	1328	etc	OTHER
403	8890	8893	595	1362	632	1387	etc.	OTHER
404	8894	8894	2040	2047	2058	2078	.	OTHER
405	8938	8938	954	1367	966	1390	@	OTHER
406	8940	8943	967	1364	998	1389	2018	OTHER
407	8945	8948	1000	1361	1031	1386	ADP,	OTHER
408	8950	8952	1034	1357	1062	1383	LLC	OTHER
409	9054	9059	1791	1374	1829	1405	Social	OTHER
410	9061	9068	1833	1370	1882	1402	security	OTHER
411	9070	9072	1886	1369	1905	1398	tax	OTHER
412	9074	9077	1910	1368	1951	1397	With	OTHER
413	9283	9283	665	2031	673	2051	1	OTHER
414	9285	9289	1533	1376	1573	1411	Wages	OTHER
415	9291	9291	1576	1376	1579	1403	,	OTHER
416	9293	9296	1582	1372	1604	1402	tips	OTHER
417	9298	9298	1607	1371	1610	1397	,	OTHER
418	9300	9304	1613	1365	1647	1396	other	OTHER
419	9306	9309	1650	1358	1682	1388	comp	OTHER
420	9311	9311	1032	2100	1052	2128	.	OTHER
421	9334	9338	234	1409	263	1435	State	OTHER
422	9340	9345	268	1401	315	1431	income	OTHER
423	9347	9349	318	1394	347	1422	tax	OTHER
424	9368	9375	484	1416	535	1449	Locality	OTHER
425	9388	9391	539	1408	584	1441	name	OTHER
426	9463	9468	580	1423	632	1452	Denise	OTHER
427	9473	9476	636	1417	667	1448	Neck	OTHER
428	9603	9608	1544	1412	1581	1437	Social	OTHER
429	9610	9617	1585	1406	1634	1435	security	OTHER
430	9619	9623	1638	1395	1690	1428	wages	OTHER
431	9632	9632	1768	1417	1790	1449	6	OTHER
432	9634	9641	1793	1409	1853	1445	Medicare	OTHER
433	9643	9645	1857	1406	1878	1437	tax	OTHER
434	9647	9654	1912	1323	1967	1355	withheld	OTHER
435	9679	9682	241	1428	272	1453	3138	box17StateIncomeTax
436	9684	9685	274	1425	296	1449	.2	box17StateIncomeTax
437	9867	9875	1577	1424	1656	1457	236890.91	OTHER
438	9914	9921	1950	1429	2005	1458	Employer	OTHER
439	9923	9925	2009	1426	2030	1455	use	OTHER
440	9926	9927	2061	1436	2089	1466	36	OTHER
441	9935	9938	2033	1421	2070	1453	only	OTHER
442	10081	10081	2074	2105	2088	2134	2	OTHER
443	10083	10089	1122	1437	1172	1473	Federal	OTHER
444	10091	10096	1175	1430	1223	1465	income	OTHER
445	10098	10105	1226	1440	1302	1475	24998.29	OTHER
446	10266	10268	1226	1426	1248	1456	tax	OTHER
447	10270	10277	1882	1400	1951	1434	withheld	OTHER
448	10316	10323	1546	1456	1607	1484	Medicare	OTHER
449	10325	10329	1610	1452	1652	1477	wages	OTHER
450	10331	10333	1656	1449	1676	1472	and	OTHER
451	10354	10355	203	1470	223	1492	19	OTHER
452	10357	10361	239	1464	277	1487	Local	OTHER
453	10365	10366	279	1462	294	1481	in	OTHER
454	10392	10399	250	1473	319	1505	28506.89	OTHER
455	10479	10484	874	1481	923	1510	Wages,	OTHER
456	10486	10490	926	1476	953	1503	tips,	OTHER
457	10492	10496	956	1470	990	1498	other	OTHER
458	10498	10502	992	1458	1044	1492	comp.	OTHER
459	10514	10519	1131	1477	1168	1512	Social	OTHER
460	10521	10528	1174	1471	1220	1507	security	OTHER
461	10530	10532	1226	1469	1244	1500	tax	OTHER
462	10534	10541	1252	1417	1304	1452	withheld	OTHER
463	10599	10603	1713	1473	1758	1503	Dept.	OTHER
464	10605	10609	1777	1466	1817	1494	Corp.	OTHER
465	10723	10728	883	1518	922	1547	Social	OTHER
466	10731	10738	926	1510	973	1541	security	OTHER
467	10740	10744	976	1498	1030	1532	wages	OTHER
468	10757	10764	1133	1512	1195	1553	Medicare	OTHER
469	10766	10768	1198	1509	1218	1542	tax	OTHER
470	10770	10777	1250	1462	1306	1496	withheld	OTHER
471	10819	10819	241	1713	255	1735	d	OTHER
472	10821	10827	1551	1499	1596	1529	Control	OTHER
473	10829	10834	1600	1490	1651	1522	number	OTHER
474	10951	10959	918	1530	996	1559	236890.9:	OTHER
475	10998	11001	1240	1526	1270	1555	6008	OTHER
476	11002	11009	1290	1536	1345	1567	Employer	OTHER
477	11180	11182	1272	1522	1307	1551	.15	OTHER
478	11184	11186	1349	1534	1371	1562	use	OTHER
479	11188	11191	1375	1530	1406	1559	only	OTHER
480	11218	11227	1559	1524	1628	1555	Employer's	OTHER
481	11229	11232	1632	1520	1664	1550	name	OTHER
482	11234	11234	1725	1510	1730	1538	,	OTHER
483	11236	11242	1675	1511	1722	1545	address	OTHER
484	11244	11244	1667	1519	1672	1546	,	OTHER
485	11246	11248	1733	1505	1757	1536	and	OTHER
486	11250	11252	1760	1501	1781	1531	ZIP	OTHER
487	11254	11257	1784	1493	1818	1527	code	OTHER
488	11315	11321	494	1538	546	1570	Federal	OTHER
489	11323	11328	548	1531	597	1562	income	OTHER
490	11330	11332	599	1528	620	1555	tax	OTHER
491	11334	11341	1220	1498	1296	1538	withheld	OTHER
492	11477	11483	1596	1545	1679	1580	Beasley	OTHER
493	11485	11487	1728	1529	1767	1561	LLC	OTHER
494	11489	11491	1684	1537	1723	1569	LLC	OTHER
495	11550	11555	503	1577	542	1607	Social	OTHER
496	11557	11564	546	1574	594	1604	security	OTHER
497	11566	11568	599	1572	619	1601	tax	OTHER
498	11570	11573	1762	2348	1787	2376	with	OTHER
499	11575	11576	656	1570	680	1598	15	OTHER
500	11605	11612	887	1549	945	1585	Medicare	OTHER
501	11730	11737	900	1566	947	1600	coverage	OTHER
502	11738	11742	949	1542	993	1571	Wages	OTHER
503	11870	11874	951	1556	991	1588	wages	OTHER
504	11876	11878	997	1539	1016	1563	and	OTHER
505	12012	12014	996	1550	1018	1578	and	OTHER
506	12016	12019	1022	1543	1045	1572	tips	OTHER
507	12042	12042	1244	1567	1269	1600	A	OTHER
508	12068	12073	252	1581	299	1608	Wages,	OTHER
509	12075	12079	302	1576	331	1602	tips,	OTHER
510	12081	12085	333	1569	366	1597	other	OTHER
511	12087	12091	369	1559	415	1591	comp.	OTHER
512	12180	12183	1053	1583	1093	1610	Dept	OTHER
513	12262	12264	1602	1578	1640	1606	009	OTHER
514	12266	12272	1645	1566	1729	1602	collins	OTHER
515	12274	12277	1731	1557	1782	1591	Ways	OTHER
516	12279	12286	1787	1541	1876	1583	sutter05	OTHER
517	12315	12320	261	1615	298	1638	Social	OTHER
518	12322	12329	302	1607	351	1634	security	OTHER
519	12331	12335	354	1598	403	1628	wages	OTHER
520	12348	12355	507	1613	566	1651	Medicare	OTHER
521	12357	12359	570	1609	591	1642	tax	OTHER
522	12360	12363	612	1627	657	1659	6108	OTHER
523	12364	12371	624	1521	679	1552	withheld	OTHER
524	12401	12402	1725	1587	1753	1616	Co	OTHER
525	12409	12414	941	1592	1000	1626	number	OTHER
526	12508	12517	1607	1594	1720	1633	parkshaven	OTHER
527	12519	12520	1065	1690	1094	1721	Co	OTHER
528	12522	12527	1769	1568	1840	1608	52069-	OTHER
529	12552	12552	564	2095	569	2117	3	OTHER
530	12554	12559	274	1635	319	1659	236890	OTHER
531	12588	12589	260	1624	277	1651	So	OTHER
532	12601	12603	323	1632	352	1655	.91	OTHER
533	12641	12648	664	1629	718	1659	Employer	OTHER
534	12650	12652	722	1629	742	1658	use	OTHER
535	12654	12657	747	1627	782	1658	only	OTHER
536	12673	12684	868	1629	967	1660	87Employer's	OTHER
537	12686	12689	971	1625	1005	1655	name	OTHER
538	12691	12691	1008	1624	1013	1651	,	OTHER
539	12693	12700	1016	1616	1069	1650	address,	OTHER
540	12702	12704	1071	1611	1096	1641	and	OTHER
541	12706	12708	1098	1606	1122	1636	ZIP	OTHER
542	12710	12713	1122	1596	1167	1631	code	OTHER
543	12804	12805	1796	1632	1823	1662	Ta	OTHER
544	12807	12816	1830	1619	1904	1658	Employee's	OTHER
545	12818	12820	1906	1614	1934	1645	SSA	OTHER
546	12822	12827	1936	1603	1993	1640	number	OTHER
547	12854	12861	264	1650	323	1681	Medicare	OTHER
548	12867	12870	327	1640	368	1670	Ware	OTHER
549	12872	12874	372	1646	395	1674	and	OTHER
550	12876	12879	399	1641	429	1669	tips	OTHER
551	12947	12953	938	1648	1019	1679	Beasley	OTHER
552	12955	12957	1069	1632	1109	1668	LLC	OTHER
553	12959	12961	1024	1642	1064	1675	LLC	OTHER
554	12991	12998	264	1659	323	1692	Medicare	OTHER
555	13000	13004	326	1651	368	1681	wages	OTHER
556	13085	13087	941	1678	981	1709	009	OTHER
557	13089	13095	985	1666	1067	1705	Collins	OTHER
558	13097	13100	1070	1658	1124	1695	Ways	OTHER
559	13102	13106	1127	1648	1189	1686	suite	OTHER
560	13108	13110	1192	1643	1221	1674	050	OTHER
561	13210	13218	1837	1672	1895	1708	Allocated	OTHER
562	13220	13223	1900	1667	1937	1703	tips	OTHER
563	13228	13235	1940	1677	2007	1710	207177.4	OTHER
564	13263	13269	244	1719	305	1746	8780948	OTHER
565	13299	13305	891	1602	936	1634	Control	OTHER
566	13307	13312	317	1690	374	1721	number	OTHER
567	13314	13318	411	1683	451	1709	Dept.	OTHER
568	13395	13404	946	1696	1061	1736	Parkshaven	OTHER
569	13406	13407	422	1792	449	1821	Co	OTHER
570	13409	13418	1110	1667	1222	1714	52069-5665	OTHER
571	13445	13454	276	1728	346	1755	Emolover's	OTHER
572	13457	13460	1041	2055	1073	2085	name	OTHER
573	13461	13461	440	1715	448	1741	,	OTHER
574	13463	13469	392	1716	440	1747	address	OTHER
575	13471	13471	1077	2054	1082	2080	,	OTHER
576	13473	13475	448	1710	475	1740	and	OTHER
577	13477	13479	475	1706	499	1736	ZIP	OTHER
578	13481	13484	498	1698	538	1731	code	OTHER
579	13666	13667	1820	1732	1845	1762	10	OTHER
580	13669	13677	1848	1722	1917	1759	Dependent	OTHER
581	13679	13682	1921	1717	1949	1750	care	OTHER
582	13683	13685	1947	1730	1985	1761	206	OTHER
583	13687	13694	1953	1705	2016	1745	benefits	OTHER
584	13727	13733	293	1751	377	1785	Beasley	OTHER
585	13735	13737	425	1735	464	1768	LLC	OTHER
586	13739	13741	382	1744	420	1775	LLC	OTHER
587	13913	13925	1591	1763	1671	1796	WVilification	OTHER
588	13927	13930	1674	1759	1708	1780	Code	OTHER
589	13965	13967	298	1783	336	1811	009	OTHER
590	13969	13975	342	1769	424	1806	Collins	OTHER
591	13977	13980	429	1761	479	1795	Ways	OTHER
592	13982	13986	485	1750	543	1786	suite	OTHER
593	13988	13990	551	1744	587	1775	050	OTHER
594	14051	14060	922	1769	991	1800	Employer's	OTHER
595	14062	14064	994	1765	1019	1792	FED	OTHER
596	14066	14067	1022	1762	1036	1787	ID	OTHER
597	14069	14074	1039	1751	1098	1785	number	OTHER
598	14179	14181	413	1181	439	1208	12a	OTHER
599	14183	14185	1859	1781	1882	1809	See	OTHER
600	14187	14198	1886	1771	1956	1806	instructions	OTHER
601	14200	14202	1960	1767	1977	1797	for	OTHER
602	14204	14206	1981	1762	2006	1793	box	OTHER
603	14208	14209	2010	1757	2030	1788	12	OTHER
604	14245	14254	304	1798	416	1839	Parkshaven	OTHER
605	14256	14257	515	2233	541	2261	Co	OTHER
606	14259	14268	466	1771	573	1814	52069-5665	OTHER
607	14429	14440	1607	1816	1690	1845	Nonqualified	OTHER
608	14502	14503	507	1836	539	1872	Ta	OTHER
609	14505	14514	541	1823	616	1864	Employee's	OTHER
610	14516	14518	619	1818	645	1848	SSA	OTHER
611	14520	14525	647	1807	712	1842	number	OTHER
612	14563	14568	930	1825	970	1850	sachal	OTHER
613	14570	14575	973	1816	1022	1847	seewin	OTHER
614	14577	14579	1027	1807	1056	1839	One	OTHER
615	14663	14665	1642	1833	1671	1856	194	OTHER
616	14667	14671	1694	1808	1732	1835	plans	OTHER
617	14701	14701	266	1878	282	1901	b	OTHER
618	14703	14712	298	1867	367	1898	Employer's	OTHER
619	14714	14716	371	1862	396	1890	FED	OTHER
620	14718	14719	400	1859	413	1885	ID	OTHER
621	14721	14726	417	1846	478	1882	number	OTHER
622	14730	14738	549	1875	608	1913	Allocated	OTHER
623	14740	14743	612	1870	653	1905	tips	OTHER
624	14892	14896	1621	1871	1662	1895	Other	OTHER
625	14935	14939	1901	1876	1928	1904	JRet.	OTHER
626	14941	14944	1932	1871	1964	1900	Plan	OTHER
627	14946	14948	1972	1869	1987	1896	ard	OTHER
628	14950	14954	1991	1865	2020	1893	party	OTHER
629	14956	14959	2024	1862	2044	1890	sick	OTHER
630	14961	14963	2049	1858	2079	1887	pay	OTHER
631	14998	15007	314	1884	400	1918	10-5048072	OTHER
632	15047	15048	337	1929	346	1951	al	OTHER
633	15050	15057	350	1918	398	1949	security	OTHER
634	15059	15062	401	1910	433	1939	tips	OTHER
635	15089	15091	662	1934	698	1963	206	OTHER
636	15127	15135	323	1933	400	1968	236890.91	OTHER
637	15170	15181	314	1966	387	1999	Verification	OTHER
638	15183	15185	391	1963	416	1988	Cad	OTHER
639	15356	15365	1617	1958	1697	1995	TEmployees	OTHER
640	15367	15371	348	1723	391	1751	name,	OTHER
641	15373	15379	1744	1941	1793	1975	address	OTHER
642	15381	15383	1796	1936	1820	1965	and	OTHER
643	15385	15387	1823	1932	1844	1960	ZIP	OTHER
644	15389	15392	1846	1922	1889	1955	code	OTHER
645	15458	15460	1829	1784	1854	1811	12a	OTHER
646	15462	15464	572	1983	592	2016	See	OTHER
647	15466	15477	598	1974	668	2012	instructions	OTHER
648	15479	15481	674	1971	689	2000	for	OTHER
649	15483	15485	695	1967	719	1997	box	OTHER
650	15487	15488	724	1963	740	1991	12	OTHER
651	15625	15628	1724	1994	1770	2016	Tony	OTHER
652	15661	15662	292	2030	315	2056	11	OTHER
653	15664	15675	325	2017	406	2052	Nonqualified	OTHER
654	15677	15681	410	2011	444	2039	plans	OTHER
655	15710	15712	677	2027	703	2049	305	OTHER
656	15855	15858	1671	2021	1721	2051	$221	OTHER
657	15860	15863	1725	2013	1776	2043	Ryan	OTHER
658	15865	15869	1780	2002	1843	2036	Cliff	OTHER
659	15871	15874	1846	1993	1900	2027	Apt.	OTHER
660	15882	15891	1871	2000	1988	2047	28850-0178	OTHER
661	16153	16155	1901	1987	1941	2019	373	OTHER
662	16383	16394	1675	2033	1813	2074	Andersonland	OTHER
663	16396	16397	1818	2025	1845	2054	co	OTHER
664	16430	16431	301	2081	323	2107	14	OTHER
665	16433	16437	337	2074	376	2101	Other	OTHER
666	16490	16492	718	2070	732	2095	rty	OTHER
667	16494	16497	736	2065	757	2092	sick	OTHER
668	16499	16501	761	2059	790	2087	pay	OTHER
669	16522	16525	932	2072	965	2100	jeff	OTHER
670	16527	16535	969	2061	1036	2095	Employees	OTHER
671	16537	16540	1976	2161	2025	2195	name	OTHER
672	16542	16542	1983	2057	1988	2087	,	OTHER
673	16544	16548	1086	2048	1118	2079	addie	OTHER
674	16621	16624	573	2092	592	2117	Stat	OTHER
675	16626	16632	597	2086	641	2114	emyRet.	OTHER
676	16634	16637	645	2081	676	2108	Plan	OTHER
677	16683	16684	1005	2102	1028	2132	Mr	OTHER
678	16685	16688	1011	2122	1062	2156	9221	OTHER
679	16691	16694	1063	2094	1115	2125	Tony	OTHER
680	16787	16794	1763	2088	1809	2119	ployers'	OTHER
681	16796	16800	1811	2082	1840	2112	state	OTHER
682	16802	16803	1842	2079	1854	2108	ID	OTHER
683	16805	16806	1857	2076	1872	2106	no	OTHER
684	16808	16809	1874	2072	1896	2103	16	OTHER
685	16811	16815	1908	2065	1940	2098	State	OTHER
686	16817	16821	1941	2058	1981	2093	wages	OTHER
687	16823	16823	1994	2112	1995	2142	,	OTHER
688	16825	16829	1990	2053	2019	2086	tips,	OTHER
689	16831	16833	2021	2050	2039	2081	etc	OTHER
690	16981	16984	1065	2115	1116	2147	Ryan	OTHER
691	16986	16990	1121	2111	1182	2140	Cliff	OTHER
692	16992	17002	1187	2110	1325	2139	APT.50-0178	OTHER
693	17091	17092	1882	2119	1908	2153	18	OTHER
694	17094	17098	1913	2116	1948	2150	Local	OTHER
695	17100	17104	1953	2112	1989	2146	wages	OTHER
696	17106	17106	2025	2109	2027	2139	,	OTHER
697	17108	17111	2000	2110	2019	2141	tips	OTHER
698	17113	17113	1365	2214	1366	2242	,	OTHER
699	17115	17118	2033	2107	2068	2138	etc.	OTHER
700	17120	17120	1692	2363	1699	2387	2	OTHER
701	17266	17268	514	2140	538	2169	and	OTHER
702	17270	17271	1159	2129	1185	2160	co	OTHER
703	17307	17309	315	2171	341	2197	elf	OTHER
704	17311	17319	345	2161	413	2194	Employees	OTHER
705	17321	17325	417	2154	459	2185	name.	OTHER
706	17327	17333	462	2144	511	2178	address	OTHER
707	17335	17337	1918	2251	1955	2282	and	OTHER
708	17339	17341	541	2135	562	2164	ZIP	OTHER
709	17343	17346	564	2126	605	2160	code	OTHER
710	17523	17524	1888	2172	1917	2204	20	OTHER
711	17526	17533	1921	2166	1972	2200	Locality	OTHER
712	17534	17539	2019	2170	2069	2201	Denise	OTHER
713	17803	17806	1317	2264	1364	2298	name	OTHER
714	17808	17811	2074	2166	2104	2195	Neck	OTHER
715	17854	17856	364	2203	406	2232	Mr.	OTHER
716	17858	17861	421	2199	470	2225	Tony	OTHER
717	17958	17967	1087	2193	1148	2227	Employers'	OTHER
718	17969	17973	1152	2187	1179	2217	state	OTHER
719	17975	17976	1183	2185	1193	2213	ID	OTHER
720	17978	17979	1197	2182	1210	2211	no	OTHER
721	17981	17982	1214	2178	1234	2208	16	OTHER
722	17984	17988	1248	2171	1280	2203	State	OTHER
723	17990	17995	1283	2163	1328	2198	wages,	OTHER
724	17997	18001	1332	2159	1358	2190	tips,	OTHER
725	18003	18006	1361	2154	1396	2186	etc.	OTHER
726	18077	18080	2048	2202	2099	2228	Copy	OTHER
727	18123	18126	369	2226	419	2258	9221	OTHER
728	18128	18131	423	2218	473	2251	Ryan	OTHER
729	18133	18137	478	2209	540	2243	Cliff	OTHER
730	18139	18142	542	2201	597	2234	Apt.	OTHER
731	18144	18146	599	2196	640	2225	373	OTHER
732	18210	18211	962	2221	983	2246	15	OTHER
733	18213	18217	996	2215	1034	2242	State	OTHER
734	18219	18227	1089	2210	1167	2248	23-38-268	OTHER
735	18229	18230	1221	2222	1248	2259	18	OTHER
736	18232	18236	1253	2219	1288	2255	Local	OTHER
737	18238	18242	1293	2216	1328	2250	wages	OTHER
738	18244	18244	1334	2216	1335	2245	,	OTHER
739	18246	18249	1340	2214	1359	2244	tips	OTHER
740	18251	18251	737	2316	740	2341	,	OTHER
741	18253	18256	1372	2212	1415	2241	etc.	OTHER
742	18333	18338	1905	2229	1953	2254	Filing	OTHER
743	18339	18341	1981	2240	2014	2267	Tax	OTHER
744	18384	18395	1016	2137	1152	2177	Andersonland	OTHER
745	18400	18409	570	2210	677	2253	28850-0178	OTHER
746	18475	18479	1007	2263	1039	2289	State	OTHER
747	18480	18485	1034	2274	1091	2303	3138.2	OTHER
748	18627	18632	1043	2256	1089	2285	income	OTHER
749	18634	18636	1093	2249	1121	2276	tax	OTHER
750	18724	18727	1750	2251	1782	2279	City	OTHER
751	18729	18730	1787	2249	1803	2275	of	OTHER
752	18732	18735	1841	2260	1899	2285	Wage	OTHER
753	18982	18986	1808	2248	1873	2273	local	OTHER
754	18988	18990	1257	2355	1295	2389	and	OTHER
755	19002	19005	2049	2261	2122	2296	2018	OTHER
756	19174	19175	1229	2277	1257	2310	20	OTHER
757	19177	19184	1262	2270	1312	2305	Locality	OTHER
758	19185	19190	1358	2278	1409	2304	Denise	OTHER
759	19193	19196	688	2361	737	2396	name	OTHER
760	19198	19201	1413	2274	1444	2299	Neck	OTHER
761	19253	19257	622	2270	652	2302	State	OTHER
762	19311	19320	444	2294	505	2327	Employers'	OTHER
763	19322	19326	509	2289	536	2319	state	OTHER
764	19328	19329	540	2287	550	2314	ID	OTHER
765	19331	19333	554	2281	583	2312	no.	OTHER
766	19335	19336	587	2277	608	2308	16	OTHER
767	19338	19342	384	2360	416	2385	State	OTHER
768	19344	19349	656	2262	701	2297	wages,	OTHER
769	19351	19355	705	2257	731	2289	tips,	OTHER
770	19357	19360	734	2250	769	2283	etc.	OTHER
771	19399	19403	1014	2314	1049	2343	Local	OTHER
772	19405	19410	1053	2311	1098	2337	income	OTHER
773	19412	19414	1102	2310	1121	2333	tax	OTHER
774	19451	19455	1359	2306	1440	2333	-copy	OTHER
775	19498	19502	372	2321	415	2348	state	OTHER
776	19503	19511	445	2312	524	2350	23-38-268	OTHER
777	19529	19530	596	2324	620	2358	18	OTHER
778	19532	19536	626	2320	661	2354	Local	OTHER
779	19538	19542	666	2318	702	2349	wages	OTHER
780	19544	19544	707	2317	708	2344	,	OTHER
781	19546	19549	714	2316	732	2343	tips	OTHER
782	19553	19556	746	2315	772	2341	etc.	OTHER
783	19558	19559	778	2314	803	2338	52	OTHER
784	19594	19601	1043	2327	1116	2353	28506.89	OTHER
785	19625	19630	1245	2334	1296	2358	Filing	OTHER
786	19681	19683	1657	2326	1723	2360	W-2	OTHER
787	19827	19830	1054	2354	1129	2380	-IA.	OTHER
788	19832	19836	1133	2351	1182	2379	State	OTHER
789	19866	19868	1979	2314	2001	2343	Tax	OTHER
790	19907	19908	347	2366	367	2388	17	OTHER
791	19910	19914	1199	2436	1228	2466	State	OTHER
792	19916	19921	419	2353	468	2381	income	OTHER
793	19923	19925	470	2347	496	2373	tax	OTHER
794	19944	19945	603	2375	629	2407	20	OTHER
795	19947	19951	1898	2325	1929	2355	Local	OTHER
796	20066	20071	732	2377	782	2405	Denise	OTHER
797	20075	20078	786	2373	816	2400	Neck	OTHER
798	20134	20137	1182	2367	1241	2399	Wage	OTHER
799	20164	20167	1391	2365	1462	2398	2018	OTHER
800	20197	20200	1659	2364	1690	2393	Copy	OTHER
801	20202	20202	1032	2467	1039	2492	2	OTHER
802	20204	20205	1702	2360	1716	2386	to	OTHER
803	20207	20208	1718	2357	1732	2383	be	OTHER
804	20210	20214	1735	2353	1760	2381	filed	OTHER
805	20216	20219	1103	2452	1127	2481	with	OTHER
806	20221	20230	1790	2337	1854	2372	employee's	OTHER
807	20232	20235	1857	2333	1882	2362	City	OTHER
808	20237	20238	1884	2331	1895	2357	or	OTHER
809	20240	20244	390	2414	426	2441	Local	OTHER
810	20246	20251	1932	2318	1976	2350	Income	OTHER
811	20253	20255	1321	2350	1355	2374	Tax	OTHER
812	20257	20263	2003	2304	2068	2339	ReturnB	OTHER
813	20265	20267	2071	2300	2094	2328	No.	OTHER
814	20269	20277	2097	2289	2165	2324	1545-0008	OTHER
815	20322	20325	392	2380	422	2408	3138	OTHER
816	20327	20328	425	2377	447	2403	.2	OTHER
817	20439	20447	1840	2280	1925	2319	Statement	OTHER
818	20487	20488	354	2420	375	2444	19	OTHER
819	20499	20504	430	2405	476	2436	income	OTHER
820	20506	20508	480	2399	507	2428	tax	OTHER
821	20546	20549	761	2411	813	2436	Copy	OTHER
822	20595	20602	400	2424	471	2453	29506.89	OTHER
823	20684	20686	996	2427	1061	2463	W-2	OTHER
824	20739	20745	465	2450	537	2486	Federal	OTHER
825	20776	20778	1278	2425	1299	2454	Tax	OTHER
826	20879	20882	762	2464	839	2499	2018	OTHER
827	20913	20916	999	2468	1030	2498	Copy	OTHER
828	20920	20921	1042	2464	1055	2491	to	OTHER
829	20923	20924	1058	2461	1071	2488	be	OTHER
830	20926	20930	1074	2456	1100	2486	filed	OTHER
831	20932	20935	482	2553	507	2578	with	OTHER
832	20937	20946	1130	2441	1196	2477	employee's	OTHER
833	20954	20959	1231	2429	1275	2461	Income	OTHER
834	20961	20963	693	2445	731	2472	Tax	OTHER
835	20965	20970	1302	2417	1352	2450	Return	OTHER
836	20972	20974	1381	2409	1408	2439	OMB	OTHER
837	20976	20978	1411	2405	1434	2434	No.	OTHER
838	20980	20988	1437	2395	1508	2430	1545-0008	OTHER
839	21056	21064	1179	2385	1264	2423	Statement	OTHER
840	21108	21110	373	2527	442	2564	W-2	OTHER
841	21154	21157	377	2570	408	2595	Copy	OTHER
842	21159	21159	410	2568	420	2590	B	OTHER
843	21161	21162	421	2565	437	2588	to	OTHER
844	21164	21165	438	2562	453	2585	be	OTHER
845	21167	21171	454	2557	480	2583	filed	OTHER
846	21178	21187	508	2541	575	2574	employee's	OTHER
847	21189	21195	576	2533	622	2564	Federal	OTHER
848	21197	21202	622	2526	668	2556	Income	OTHER
849	21204	21206	668	2522	692	2549	Tax	OTHER
850	21208	21213	692	2514	741	2546	Return	OTHER
851	21215	21217	752	2507	784	2537	OMB	OTHER
852	21219	21221	784	2503	809	2532	No.	OTHER
853	21223	21231	809	2493	879	2528	1545-0008	OTHER
